test,classification,why,reached_cage,backend,date,party,total_paise,tax_paise,net_paise,line_items,party_known,period_open,carries_gst,lines_sum_to_total,net_plus_tax_equals_gross,debits_equal_credits,cage_reasons
tests/test_action_log.py::test_a_posted_entry_records_its_outcome_and_its_reason,B_CAGE_FALSE_BLOCK,"blocked on period_open=None which pipeline.run hardcodes though period.py can read it, AND on a party with history that is not in the chart of accounts, AND on laws a typed sentence cannot satisfy",yes,typed_text,,Sharma Traders,420000,,,0,False,None,False,INDETERMINATE,INDETERMINATE,PASS,"There is something on this bill I could not check at all. Not checked is not the same as checked and fine, so nothing was posted. | I could not tell whether the books for this date are still open, so nothing was posted. | I have never seen Sharma Traders in your books. I will never add a new name to your books on my own, so this one is saved for you to finish. | I am less than 70 out of 100 sure about what this bill says. That is too little to even ask about, so this one is saved for you to finish. That is the ₹4,200.00 bill from Sharma Traders."
tests/test_action_log.py::test_the_log_survives_a_restart,B_CAGE_FALSE_BLOCK,"blocked on period_open=None which pipeline.run hardcodes though period.py can read it, AND on a party with history that is not in the chart of accounts, AND on laws a typed sentence cannot satisfy",yes,typed_text,,Sharma Traders,420000,,,0,False,None,False,INDETERMINATE,INDETERMINATE,PASS,"There is something on this bill I could not check at all. Not checked is not the same as checked and fine, so nothing was posted. | I could not tell whether the books for this date are still open, so nothing was posted. | I have never seen Sharma Traders in your books. I will never add a new name to your books on my own, so this one is saved for you to finish. | I am less than 70 out of 100 sure about what this bill says. That is too little to even ask about, so this one is saved for you to finish. That is the ₹4,200.00 bill from Sharma Traders."
tests/test_adapter_contract.py::test_two_backends_given_the_same_facts_either_post_or_ask_who_it_was[stub_backend],B_CAGE_FALSE_BLOCK,"blocked on period_open=None which pipeline.run hardcodes though period.py can read it, AND on a party with history that is not in the chart of accounts, AND on laws a typed sentence cannot satisfy",yes,stub,,Sharma Traders,420000,,,0,False,None,False,INDETERMINATE,INDETERMINATE,PASS,"There is something on this bill I could not check at all. Not checked is not the same as checked and fine, so nothing was posted. | I could not tell whether the books for this date are still open, so nothing was posted. | I have never seen Sharma Traders in your books. I will never add a new name to your books on my own, so this one is saved for you to finish. | I am less than 70 out of 100 sure about what this bill says. That is too little to even ask about, so this one is saved for you to finish. That is the ₹4,200.00 bill from Sharma Traders."
tests/test_adapter_contract.py::test_only_a_believed_backend_posts_and_the_other_writes_nothing[stub_backend],B_CAGE_FALSE_BLOCK,"blocked on period_open=None which pipeline.run hardcodes though period.py can read it, AND on a party with history that is not in the chart of accounts, AND on laws a typed sentence cannot satisfy",yes,stub,,Sharma Traders,420000,,,0,False,None,False,INDETERMINATE,INDETERMINATE,PASS,"There is something on this bill I could not check at all. Not checked is not the same as checked and fine, so nothing was posted. | I could not tell whether the books for this date are still open, so nothing was posted. | I have never seen Sharma Traders in your books. I will never add a new name to your books on my own, so this one is saved for you to finish. | I am less than 70 out of 100 sure about what this bill says. That is too little to even ask about, so this one is saved for you to finish. That is the ₹4,200.00 bill from Sharma Traders."
tests/test_adapter_contract.py::test_only_a_believed_backend_moves_the_trial_balance,B_CAGE_FALSE_BLOCK,"blocked on period_open=None which pipeline.run hardcodes though period.py can read it, AND on a party with history that is not in the chart of accounts, AND on laws a typed sentence cannot satisfy",yes,stub,,Sharma Traders,420000,,,0,False,None,False,INDETERMINATE,INDETERMINATE,PASS,"There is something on this bill I could not check at all. Not checked is not the same as checked and fine, so nothing was posted. | I could not tell whether the books for this date are still open, so nothing was posted. | I have never seen Sharma Traders in your books. I will never add a new name to your books on my own, so this one is saved for you to finish. | I am less than 70 out of 100 sure about what this bill says. That is too little to even ask about, so this one is saved for you to finish. That is the ₹4,200.00 bill from Sharma Traders."
tests/test_adapter_contract.py::test_the_core_takes_only_the_contract_from_the_extraction_package,D_TEST_INVALID_OR_INCOMPLETE,the test failed without ever reaching the cage - it is not a cage question,no,,,,,,,,,None,,,,,
tests/test_adapter_contract.py::test_a_connector_refusal_cannot_happen_after_the_application_said_valid,C_REQUIREMENT_CHANGED,GST posting is switched off by owner decision; the test predates it,yes,typed_text,,Sharma Traders,420000,64068,,0,False,None,True,INDETERMINATE,INDETERMINATE,PASS,"There is something on this bill I could not check at all. Not checked is not the same as checked and fine, so nothing was posted. | This bill includes GST. GST posting is switched off, so this cannot be posted automatically. Please enter this one in Tally yourself. That is the ₹4,200.00 bill from Sharma Traders. | I could not tell whether the books for this date are still open, so nothing was posted. | I have never seen Sharma Traders in your books. I will never add a new name to your books on my own, so this one is saved for you to finish. | I am less than 70 out of 100 sure about what this bill says. That is too little to even ask about, so this one is saved for you to finish. That is the ₹4,200.00 bill from Sharma Traders."
tests/test_adversarial_amounts_and_states.py::test_a_sub_paise_amount_is_truncated_by_the_reader_and_refused_by_the_wire,B_CAGE_FALSE_BLOCK,"blocked on period_open=None which pipeline.run hardcodes though period.py can read it, AND on a party with history that is not in the chart of accounts, AND on laws a typed sentence cannot satisfy",yes,typed_text,,Sharma Traders,,,,0,False,None,False,INDETERMINATE,INDETERMINATE,INDETERMINATE,"There is something on this bill I could not check at all. Not checked is not the same as checked and fine, so nothing was posted. | Nobody said which amount the checks on this bill were run on, so I cannot tell that the amount that was checked is the amount that would go into your books, and nothing was posted. | I could not tell whether the books for this date are still open, so nothing was posted. | I have never seen Sharma Traders in your books. I will never add a new name to your books on my own, so this one is saved for you to finish. | I am less than 70 out of 100 sure about what this bill says. That is too little to even ask about, so this one is saved for you to finish. That is the bill from Sharma Traders."
tests/test_adversarial_amounts_and_states.py::test_a_disconnected_app_refuses_to_post_and_says_which_refusal_it_is,B_CAGE_FALSE_BLOCK,"blocked on period_open=None which pipeline.run hardcodes though period.py can read it, AND on a party with history that is not in the chart of accounts, AND on laws a typed sentence cannot satisfy",yes,typed_text,,Sharma Traders,420000,,,0,False,None,False,INDETERMINATE,INDETERMINATE,PASS,"There is something on this bill I could not check at all. Not checked is not the same as checked and fine, so nothing was posted. | I could not tell whether the books for this date are still open, so nothing was posted. | I have never seen Sharma Traders in your books. I will never add a new name to your books on my own, so this one is saved for you to finish. | I am less than 70 out of 100 sure about what this bill says. That is too little to even ask about, so this one is saved for you to finish. That is the ₹4,200.00 bill from Sharma Traders."
tests/test_adversarial_amounts_and_states.py::test_a_bootstrap_that_failed_part_way_through_posts_nothing,B_CAGE_FALSE_BLOCK,"blocked on period_open=None which pipeline.run hardcodes though period.py can read it, AND on a party with history that is not in the chart of accounts, AND on laws a typed sentence cannot satisfy",yes,typed_text,,Sharma Traders,420000,,,0,False,None,False,INDETERMINATE,INDETERMINATE,PASS,"There is something on this bill I could not check at all. Not checked is not the same as checked and fine, so nothing was posted. | I could not tell whether the books for this date are still open, so nothing was posted. | I have never seen Sharma Traders in your books. I will never add a new name to your books on my own, so this one is saved for you to finish. | I am less than 70 out of 100 sure about what this bill says. That is too little to even ask about, so this one is saved for you to finish. That is the ₹4,200.00 bill from Sharma Traders."
tests/test_adversarial_amounts_and_states.py::test_an_empty_source_company_may_be_asked_but_proposes_and_writes_nothing,B_CAGE_FALSE_BLOCK,"blocked on period_open=None which pipeline.run hardcodes though period.py can read it, AND on a party with history that is not in the chart of accounts, AND on laws a typed sentence cannot satisfy",yes,typed_text,,Gupta Hardware,150000,,,0,False,None,False,INDETERMINATE,INDETERMINATE,PASS,"There is something on this bill I could not check at all. Not checked is not the same as checked and fine, so nothing was posted. | I could not tell whether the books for this date are still open, so nothing was posted. | I have never seen Gupta Hardware in your books. I will never add a new name to your books on my own, so this one is saved for you to finish. | I am less than 70 out of 100 sure about what this bill says. That is too little to even ask about, so this one is saved for you to finish. That is the ₹1,500.00 bill from Gupta Hardware."
tests/test_adversarial_amounts_and_states.py::test_a_failed_read_back_is_never_recorded_as_a_posted_entry,B_CAGE_FALSE_BLOCK,"blocked on period_open=None which pipeline.run hardcodes though period.py can read it, AND on a party with history that is not in the chart of accounts, AND on laws a typed sentence cannot satisfy",yes,typed_text,,Sharma Traders,420000,,,0,False,None,False,INDETERMINATE,INDETERMINATE,PASS,"There is something on this bill I could not check at all. Not checked is not the same as checked and fine, so nothing was posted. | I could not tell whether the books for this date are still open, so nothing was posted. | I have never seen Sharma Traders in your books. I will never add a new name to your books on my own, so this one is saved for you to finish. | I am less than 70 out of 100 sure about what this bill says. That is too little to even ask about, so this one is saved for you to finish. That is the ₹4,200.00 bill from Sharma Traders."
tests/test_adversarial_identity.py::test_a_cyrillic_homoglyph_vendor_never_inherits_the_latin_vendors_account,B_CAGE_FALSE_BLOCK,"blocked on period_open=None which pipeline.run hardcodes though period.py can read it, AND on a party with history that is not in the chart of accounts, AND on laws a typed sentence cannot satisfy",yes,stub,2026-08-09,Sharma Traders,420000,,,0,False,None,False,INDETERMINATE,INDETERMINATE,PASS,"There is something on this bill I could not check at all. Not checked is not the same as checked and fine, so nothing was posted. | I could not tell whether the books for this date are still open, so nothing was posted. | I have never seen Sharma Traders in your books. I will never add a new name to your books on my own, so this one is saved for you to finish."
tests/test_adversarial_identity.py::test_an_accented_vendor_name_decides_one_way_in_nfc_and_nfd,B_CAGE_FALSE_BLOCK,"blocked on period_open=None which pipeline.run hardcodes though period.py can read it, AND on a party with history that is not in the chart of accounts, AND on laws a typed sentence cannot satisfy",yes,stub,2026-08-09,Café Supplies,420000,,,0,False,None,False,INDETERMINATE,INDETERMINATE,PASS,"There is something on this bill I could not check at all. Not checked is not the same as checked and fine, so nothing was posted. | I could not tell whether the books for this date are still open, so nothing was posted. | I have never seen Café Supplies in your books. I will never add a new name to your books on my own, so this one is saved for you to finish."
tests/test_adversarial_identity.py::test_whitespace_visible_or_invisible_never_changes_which_vendor_this_is,B_CAGE_FALSE_BLOCK,"blocked on period_open=None which pipeline.run hardcodes though period.py can read it, AND on a party with history that is not in the chart of accounts, AND on laws a typed sentence cannot satisfy",yes,stub,2026-08-09, Sharma​Traders​,420000,,,0,False,None,False,INDETERMINATE,INDETERMINATE,PASS,"There is something on this bill I could not check at all. Not checked is not the same as checked and fine, so nothing was posted. | I could not tell whether the books for this date are still open, so nothing was posted. | I have never seen Sharma​Traders​ in your books. I will never add a new name to your books on my own, so this one is saved for you to finish."
tests/test_adversarial_identity.py::test_posting_sharma_trader_never_returns_sharma_traders_account,B_CAGE_FALSE_BLOCK,"blocked on period_open=None which pipeline.run hardcodes though period.py can read it, AND on a party with history that is not in the chart of accounts, AND on laws a typed sentence cannot satisfy",yes,stub,2026-08-09,Sharma Trader,420000,,,0,False,None,False,INDETERMINATE,INDETERMINATE,PASS,"There is something on this bill I could not check at all. Not checked is not the same as checked and fine, so nothing was posted. | I could not tell whether the books for this date are still open, so nothing was posted. | I have never seen Sharma Trader in your books. I will never add a new name to your books on my own, so this one is saved for you to finish."
tests/test_adversarial_identity.py::test_an_llp_invoice_is_never_posted_to_the_limited_companys_account,B_CAGE_FALSE_BLOCK,"blocked on period_open=None which pipeline.run hardcodes though period.py can read it, AND on a party with history that is not in the chart of accounts, AND on laws a typed sentence cannot satisfy",yes,stub,2026-08-09,Acme LLP,420000,,,0,False,None,False,INDETERMINATE,INDETERMINATE,PASS,"There is something on this bill I could not check at all. Not checked is not the same as checked and fine, so nothing was posted. | I could not tell whether the books for this date are still open, so nothing was posted. | I have never seen Acme LLP in your books. I will never add a new name to your books on my own, so this one is saved for you to finish."
tests/test_adversarial_identity.py::test_memory_belonging_to_another_company_is_refused_and_writes_nothing,B_CAGE_FALSE_BLOCK,"blocked on period_open=None which pipeline.run hardcodes though period.py can read it, AND on a party with history that is not in the chart of accounts, AND on laws a typed sentence cannot satisfy",yes,stub,2026-08-09,Sharma Traders,420000,,,0,False,None,False,INDETERMINATE,INDETERMINATE,PASS,"There is something on this bill I could not check at all. Not checked is not the same as checked and fine, so nothing was posted. | I could not tell whether the books for this date are still open, so nothing was posted. | I have never seen Sharma Traders in your books. I will never add a new name to your books on my own, so this one is saved for you to finish."
tests/test_adversarial_identity.py::test_rebuilding_from_the_new_history_replaces_the_old_index_and_never_merges,B_CAGE_FALSE_BLOCK,"blocked on period_open=None which pipeline.run hardcodes though period.py can read it, AND on a party with history that is not in the chart of accounts, AND on laws a typed sentence cannot satisfy",yes,stub,2026-08-09,Sharma Traders,420000,,,0,False,None,False,INDETERMINATE,INDETERMINATE,PASS,"There is something on this bill I could not check at all. Not checked is not the same as checked and fine, so nothing was posted. | I could not tell whether the books for this date are still open, so nothing was posted. | I have never seen Sharma Traders in your books. I will never add a new name to your books on my own, so this one is saved for you to finish."
tests/test_adversarial_write_path.py::test_a_read_back_with_our_marker_but_not_our_numbers_is_refused,B_CAGE_FALSE_BLOCK,"blocked on period_open=None which pipeline.run hardcodes though period.py can read it, AND on a party with history that is not in the chart of accounts, AND on laws a typed sentence cannot satisfy",yes,typed_text,,Sharma Traders,420000,,,0,False,None,False,INDETERMINATE,INDETERMINATE,PASS,"There is something on this bill I could not check at all. Not checked is not the same as checked and fine, so nothing was posted. | I could not tell whether the books for this date are still open, so nothing was posted. | I have never seen Sharma Traders in your books. I will never add a new name to your books on my own, so this one is saved for you to finish. | I am less than 70 out of 100 sure about what this bill says. That is too little to even ask about, so this one is saved for you to finish. That is the ₹4,200.00 bill from Sharma Traders."
tests/test_adversarial_write_path.py::test_a_read_back_must_match_the_voucher_we_sent_and_not_merely_our_marker,B_CAGE_FALSE_BLOCK,"blocked on period_open=None which pipeline.run hardcodes though period.py can read it, AND on a party with history that is not in the chart of accounts, AND on laws a typed sentence cannot satisfy",yes,typed_text,,Sharma Traders,420000,,,0,False,None,False,INDETERMINATE,INDETERMINATE,PASS,"There is something on this bill I could not check at all. Not checked is not the same as checked and fine, so nothing was posted. | I could not tell whether the books for this date are still open, so nothing was posted. | I have never seen Sharma Traders in your books. I will never add a new name to your books on my own, so this one is saved for you to finish. | I am less than 70 out of 100 sure about what this bill says. That is too little to even ask about, so this one is saved for you to finish. That is the ₹4,200.00 bill from Sharma Traders."
tests/test_adversarial_write_path.py::test_the_same_operation_posted_twice_leaves_exactly_one_voucher,B_CAGE_FALSE_BLOCK,"blocked on period_open=None which pipeline.run hardcodes though period.py can read it, AND on a party with history that is not in the chart of accounts, AND on laws a typed sentence cannot satisfy",yes,typed_text,,Sharma Traders,420000,,,0,False,None,False,INDETERMINATE,INDETERMINATE,PASS,"There is something on this bill I could not check at all. Not checked is not the same as checked and fine, so nothing was posted. | I could not tell whether the books for this date are still open, so nothing was posted. | I have never seen Sharma Traders in your books. I will never add a new name to your books on my own, so this one is saved for you to finish. | I am less than 70 out of 100 sure about what this bill says. That is too little to even ask about, so this one is saved for you to finish. That is the ₹4,200.00 bill from Sharma Traders."
tests/test_adversarial_write_path.py::test_a_write_whose_outcome_is_unknown_leaves_two_rows_naming_the_operation,B_CAGE_FALSE_BLOCK,"blocked on period_open=None which pipeline.run hardcodes though period.py can read it, AND on a party with history that is not in the chart of accounts, AND on laws a typed sentence cannot satisfy",yes,typed_text,,Sharma Traders,420000,,,0,False,None,False,INDETERMINATE,INDETERMINATE,PASS,"There is something on this bill I could not check at all. Not checked is not the same as checked and fine, so nothing was posted. | I could not tell whether the books for this date are still open, so nothing was posted. | I have never seen Sharma Traders in your books. I will never add a new name to your books on my own, so this one is saved for you to finish. | I am less than 70 out of 100 sure about what this bill says. That is too little to even ask about, so this one is saved for you to finish. That is the ₹4,200.00 bill from Sharma Traders."
tests/test_adversarial_write_path.py::test_an_unknown_write_outcome_still_records_its_operation_id,B_CAGE_FALSE_BLOCK,"blocked on period_open=None which pipeline.run hardcodes though period.py can read it, AND on a party with history that is not in the chart of accounts, AND on laws a typed sentence cannot satisfy",yes,typed_text,,Sharma Traders,420000,,,0,False,None,False,INDETERMINATE,INDETERMINATE,PASS,"There is something on this bill I could not check at all. Not checked is not the same as checked and fine, so nothing was posted. | I could not tell whether the books for this date are still open, so nothing was posted. | I have never seen Sharma Traders in your books. I will never add a new name to your books on my own, so this one is saved for you to finish. | I am less than 70 out of 100 sure about what this bill says. That is too little to even ask about, so this one is saved for you to finish. That is the ₹4,200.00 bill from Sharma Traders."
tests/test_adversarial_write_path.py::test_the_same_run_call_records_a_row_when_nothing_goes_wrong,B_CAGE_FALSE_BLOCK,"blocked on period_open=None which pipeline.run hardcodes though period.py can read it, AND on a party with history that is not in the chart of accounts, AND on laws a typed sentence cannot satisfy",yes,typed_text,,Sharma Traders,420000,,,0,False,None,False,INDETERMINATE,INDETERMINATE,PASS,"There is something on this bill I could not check at all. Not checked is not the same as checked and fine, so nothing was posted. | I could not tell whether the books for this date are still open, so nothing was posted. | I have never seen Sharma Traders in your books. I will never add a new name to your books on my own, so this one is saved for you to finish. | I am less than 70 out of 100 sure about what this bill says. That is too little to even ask about, so this one is saved for you to finish. That is the ₹4,200.00 bill from Sharma Traders."
tests/test_adversarial_write_path.py::test_a_read_back_of_zero_vouchers_blocks_the_post_and_writes_no_posted_row,B_CAGE_FALSE_BLOCK,"blocked on period_open=None which pipeline.run hardcodes though period.py can read it, AND on a party with history that is not in the chart of accounts, AND on laws a typed sentence cannot satisfy",yes,typed_text,,Sharma Traders,420000,,,0,False,None,False,INDETERMINATE,INDETERMINATE,PASS,"There is something on this bill I could not check at all. Not checked is not the same as checked and fine, so nothing was posted. | I could not tell whether the books for this date are still open, so nothing was posted. | I have never seen Sharma Traders in your books. I will never add a new name to your books on my own, so this one is saved for you to finish. | I am less than 70 out of 100 sure about what this bill says. That is too little to even ask about, so this one is saved for you to finish. That is the ₹4,200.00 bill from Sharma Traders."
tests/test_adversarial_write_path.py::test_a_write_absent_from_tallys_own_register_is_refused,B_CAGE_FALSE_BLOCK,"blocked on period_open=None which pipeline.run hardcodes though period.py can read it, AND on a party with history that is not in the chart of accounts, AND on laws a typed sentence cannot satisfy",yes,typed_text,,Sharma Traders,420000,,,0,False,None,False,INDETERMINATE,INDETERMINATE,PASS,"There is something on this bill I could not check at all. Not checked is not the same as checked and fine, so nothing was posted. | I could not tell whether the books for this date are still open, so nothing was posted. | I have never seen Sharma Traders in your books. I will never add a new name to your books on my own, so this one is saved for you to finish. | I am less than 70 out of 100 sure about what this bill says. That is too little to even ask about, so this one is saved for you to finish. That is the ₹4,200.00 bill from Sharma Traders."
tests/test_adversarial_write_path.py::test_a_post_is_not_a_success_until_tallys_own_register_shows_the_voucher,B_CAGE_FALSE_BLOCK,"blocked on period_open=None which pipeline.run hardcodes though period.py can read it, AND on a party with history that is not in the chart of accounts, AND on laws a typed sentence cannot satisfy",yes,typed_text,,Sharma Traders,420000,,,0,False,None,False,INDETERMINATE,INDETERMINATE,PASS,"There is something on this bill I could not check at all. Not checked is not the same as checked and fine, so nothing was posted. | I could not tell whether the books for this date are still open, so nothing was posted. | I have never seen Sharma Traders in your books. I will never add a new name to your books on my own, so this one is saved for you to finish. | I am less than 70 out of 100 sure about what this bill says. That is too little to even ask about, so this one is saved for you to finish. That is the ₹4,200.00 bill from Sharma Traders."
tests/test_adversarial_write_path.py::test_the_page_and_the_action_log_can_no_longer_disagree_about_the_backend,B_CAGE_FALSE_BLOCK,"blocked on period_open=None which pipeline.run hardcodes though period.py can read it, AND on a party with history that is not in the chart of accounts, AND on laws a typed sentence cannot satisfy",yes,typed_text,,Sharma Traders,420000,,,0,False,None,False,INDETERMINATE,INDETERMINATE,PASS,"There is something on this bill I could not check at all. Not checked is not the same as checked and fine, so nothing was posted. | I could not tell whether the books for this date are still open, so nothing was posted. | I have never seen Sharma Traders in your books. I will never add a new name to your books on my own, so this one is saved for you to finish. | I am less than 70 out of 100 sure about what this bill says. That is too little to even ask about, so this one is saved for you to finish. That is the ₹4,200.00 bill from Sharma Traders."
tests/test_adversarial_write_path.py::test_the_recorded_identifier_is_the_one_tally_returned_not_our_own,B_CAGE_FALSE_BLOCK,"blocked on period_open=None which pipeline.run hardcodes though period.py can read it, AND on a party with history that is not in the chart of accounts, AND on laws a typed sentence cannot satisfy",yes,typed_text,,Sharma Traders,420000,,,0,False,None,False,INDETERMINATE,INDETERMINATE,PASS,"There is something on this bill I could not check at all. Not checked is not the same as checked and fine, so nothing was posted. | I could not tell whether the books for this date are still open, so nothing was posted. | I have never seen Sharma Traders in your books. I will never add a new name to your books on my own, so this one is saved for you to finish. | I am less than 70 out of 100 sure about what this bill says. That is too little to even ask about, so this one is saved for you to finish. That is the ₹4,200.00 bill from Sharma Traders."
tests/test_answer_binding.py::test_a_replay_of_the_answer_that_posted_is_still_the_duplicate_refusal,B_CAGE_FALSE_BLOCK,"blocked on period_open=None which pipeline.run hardcodes though period.py can read it, AND on a party with history that is not in the chart of accounts, AND on laws a typed sentence cannot satisfy",yes,typed_text,,Gupta Hardware,150000,,,0,False,None,False,INDETERMINATE,INDETERMINATE,PASS,"There is something on this bill I could not check at all. Not checked is not the same as checked and fine, so nothing was posted. | I could not tell whether the books for this date are still open, so nothing was posted. | I have never seen Gupta Hardware in your books. I will never add a new name to your books on my own, so this one is saved for you to finish. | I am less than 70 out of 100 sure about what this bill says. That is too little to even ask about, so this one is saved for you to finish. That is the ₹1,500.00 bill from Gupta Hardware."
tests/test_bulk_reversal_web.py::test_the_home_page_offers_bulk_reverse_once_something_is_posted,B_CAGE_FALSE_BLOCK,"blocked on period_open=None which pipeline.run hardcodes though period.py can read it, AND on a party with history that is not in the chart of accounts, AND on laws a typed sentence cannot satisfy",yes,typed_text,,Sharma Traders,420000,,,0,False,None,False,INDETERMINATE,INDETERMINATE,PASS,"There is something on this bill I could not check at all. Not checked is not the same as checked and fine, so nothing was posted. | I could not tell whether the books for this date are still open, so nothing was posted. | I have never seen Sharma Traders in your books. I will never add a new name to your books on my own, so this one is saved for you to finish. | I am less than 70 out of 100 sure about what this bill says. That is too little to even ask about, so this one is saved for you to finish. That is the ₹4,200.00 bill from Sharma Traders."
tests/test_bulk_reversal_web.py::test_the_preview_names_every_candidate_and_touches_the_books,B_CAGE_FALSE_BLOCK,"blocked on period_open=None which pipeline.run hardcodes though period.py can read it, AND on a party with history that is not in the chart of accounts, AND on laws a typed sentence cannot satisfy",yes,typed_text,,Sharma Traders,420000,,,0,False,None,False,INDETERMINATE,INDETERMINATE,PASS,"There is something on this bill I could not check at all. Not checked is not the same as checked and fine, so nothing was posted. | I could not tell whether the books for this date are still open, so nothing was posted. | I have never seen Sharma Traders in your books. I will never add a new name to your books on my own, so this one is saved for you to finish. | I am less than 70 out of 100 sure about what this bill says. That is too little to even ask about, so this one is saved for you to finish. That is the ₹4,200.00 bill from Sharma Traders."
tests/test_bulk_reversal_web.py::test_the_preview_page_asks_rather_than_telling,B_CAGE_FALSE_BLOCK,"blocked on period_open=None which pipeline.run hardcodes though period.py can read it, AND on a party with history that is not in the chart of accounts, AND on laws a typed sentence cannot satisfy",yes,typed_text,,Sharma Traders,420000,,,0,False,None,False,INDETERMINATE,INDETERMINATE,PASS,"There is something on this bill I could not check at all. Not checked is not the same as checked and fine, so nothing was posted. | I could not tell whether the books for this date are still open, so nothing was posted. | I have never seen Sharma Traders in your books. I will never add a new name to your books on my own, so this one is saved for you to finish. | I am less than 70 out of 100 sure about what this bill says. That is too little to even ask about, so this one is saved for you to finish. That is the ₹4,200.00 bill from Sharma Traders."
tests/test_bulk_reversal_web.py::test_a_hand_typed_voucher_is_never_a_candidate,B_CAGE_FALSE_BLOCK,"blocked on period_open=None which pipeline.run hardcodes though period.py can read it, AND on a party with history that is not in the chart of accounts, AND on laws a typed sentence cannot satisfy",yes,typed_text,,Sharma Traders,420000,,,0,False,None,False,INDETERMINATE,INDETERMINATE,PASS,"There is something on this bill I could not check at all. Not checked is not the same as checked and fine, so nothing was posted. | I could not tell whether the books for this date are still open, so nothing was posted. | I have never seen Sharma Traders in your books. I will never add a new name to your books on my own, so this one is saved for you to finish. | I am less than 70 out of 100 sure about what this bill says. That is too little to even ask about, so this one is saved for you to finish. That is the ₹4,200.00 bill from Sharma Traders."
tests/test_bulk_reversal_web.py::test_confirming_reverses_everything_and_leaves_the_history_alone,B_CAGE_FALSE_BLOCK,"blocked on period_open=None which pipeline.run hardcodes though period.py can read it, AND on a party with history that is not in the chart of accounts, AND on laws a typed sentence cannot satisfy",yes,typed_text,,Sharma Traders,420000,,,0,False,None,False,INDETERMINATE,INDETERMINATE,PASS,"There is something on this bill I could not check at all. Not checked is not the same as checked and fine, so nothing was posted. | I could not tell whether the books for this date are still open, so nothing was posted. | I have never seen Sharma Traders in your books. I will never add a new name to your books on my own, so this one is saved for you to finish. | I am less than 70 out of 100 sure about what this bill says. That is too little to even ask about, so this one is saved for you to finish. That is the ₹4,200.00 bill from Sharma Traders."
tests/test_bulk_reversal_web.py::test_confirming_records_a_durable_row_for_every_voucher,B_CAGE_FALSE_BLOCK,"blocked on period_open=None which pipeline.run hardcodes though period.py can read it, AND on a party with history that is not in the chart of accounts, AND on laws a typed sentence cannot satisfy",yes,typed_text,,Sharma Traders,420000,,,0,False,None,False,INDETERMINATE,INDETERMINATE,PASS,"There is something on this bill I could not check at all. Not checked is not the same as checked and fine, so nothing was posted. | I could not tell whether the books for this date are still open, so nothing was posted. | I have never seen Sharma Traders in your books. I will never add a new name to your books on my own, so this one is saved for you to finish. | I am less than 70 out of 100 sure about what this bill says. That is too little to even ask about, so this one is saved for you to finish. That is the ₹4,200.00 bill from Sharma Traders."
tests/test_bulk_reversal_web.py::test_a_partial_result_says_so_on_the_page_and_never_says_done,B_CAGE_FALSE_BLOCK,"blocked on period_open=None which pipeline.run hardcodes though period.py can read it, AND on a party with history that is not in the chart of accounts, AND on laws a typed sentence cannot satisfy",yes,typed_text,,Sharma Traders,420000,,,0,False,None,False,INDETERMINATE,INDETERMINATE,PASS,"There is something on this bill I could not check at all. Not checked is not the same as checked and fine, so nothing was posted. | I could not tell whether the books for this date are still open, so nothing was posted. | I have never seen Sharma Traders in your books. I will never add a new name to your books on my own, so this one is saved for you to finish. | I am less than 70 out of 100 sure about what this bill says. That is too little to even ask about, so this one is saved for you to finish. That is the ₹4,200.00 bill from Sharma Traders."
tests/test_bulk_reversal_web.py::test_the_untried_vouchers_are_still_in_the_books_after_a_partial_run,B_CAGE_FALSE_BLOCK,"blocked on period_open=None which pipeline.run hardcodes though period.py can read it, AND on a party with history that is not in the chart of accounts, AND on laws a typed sentence cannot satisfy",yes,typed_text,,Sharma Traders,420000,,,0,False,None,False,INDETERMINATE,INDETERMINATE,PASS,"There is something on this bill I could not check at all. Not checked is not the same as checked and fine, so nothing was posted. | I could not tell whether the books for this date are still open, so nothing was posted. | I have never seen Sharma Traders in your books. I will never add a new name to your books on my own, so this one is saved for you to finish. | I am less than 70 out of 100 sure about what this bill says. That is too little to even ask about, so this one is saved for you to finish. That is the ₹4,200.00 bill from Sharma Traders."
tests/test_bulk_reversal_web.py::test_a_latecomer_posted_after_the_preview_is_not_swept_up,B_CAGE_FALSE_BLOCK,"blocked on period_open=None which pipeline.run hardcodes though period.py can read it, AND on a party with history that is not in the chart of accounts, AND on laws a typed sentence cannot satisfy",yes,typed_text,,Sharma Traders,420000,,,0,False,None,False,INDETERMINATE,INDETERMINATE,PASS,"There is something on this bill I could not check at all. Not checked is not the same as checked and fine, so nothing was posted. | I could not tell whether the books for this date are still open, so nothing was posted. | I have never seen Sharma Traders in your books. I will never add a new name to your books on my own, so this one is saved for you to finish. | I am less than 70 out of 100 sure about what this bill says. That is too little to even ask about, so this one is saved for you to finish. That is the ₹4,200.00 bill from Sharma Traders."
tests/test_company_identity.py::test_a_non_default_company_can_be_used_end_to_end,B_CAGE_FALSE_BLOCK,"blocked on period_open=None which pipeline.run hardcodes though period.py can read it, AND on a party with history that is not in the chart of accounts, AND on laws a typed sentence cannot satisfy",yes,typed_text,,Sharma Traders,420000,,,0,False,None,False,INDETERMINATE,INDETERMINATE,PASS,"There is something on this bill I could not check at all. Not checked is not the same as checked and fine, so nothing was posted. | I could not tell whether the books for this date are still open, so nothing was posted. | I have never seen Sharma Traders in your books. I will never add a new name to your books on my own, so this one is saved for you to finish. | I am less than 70 out of 100 sure about what this bill says. That is too little to even ask about, so this one is saved for you to finish. That is the ₹4,200.00 bill from Sharma Traders."
tests/test_company_identity.py::test_reversal_undoes_the_entry_in_the_configured_company,B_CAGE_FALSE_BLOCK,"blocked on period_open=None which pipeline.run hardcodes though period.py can read it, AND on a party with history that is not in the chart of accounts, AND on laws a typed sentence cannot satisfy",yes,typed_text,,Sharma Traders,420000,,,0,False,None,False,INDETERMINATE,INDETERMINATE,PASS,"There is something on this bill I could not check at all. Not checked is not the same as checked and fine, so nothing was posted. | I could not tell whether the books for this date are still open, so nothing was posted. | I have never seen Sharma Traders in your books. I will never add a new name to your books on my own, so this one is saved for you to finish. | I am less than 70 out of 100 sure about what this bill says. That is too little to even ask about, so this one is saved for you to finish. That is the ₹4,200.00 bill from Sharma Traders."
tests/test_company_identity.py::test_bulk_reversal_previews_the_configured_company,B_CAGE_FALSE_BLOCK,"blocked on period_open=None which pipeline.run hardcodes though period.py can read it, AND on a party with history that is not in the chart of accounts, AND on laws a typed sentence cannot satisfy",yes,typed_text,,Sharma Traders,420000,,,0,False,None,False,INDETERMINATE,INDETERMINATE,PASS,"There is something on this bill I could not check at all. Not checked is not the same as checked and fine, so nothing was posted. | I could not tell whether the books for this date are still open, so nothing was posted. | I have never seen Sharma Traders in your books. I will never add a new name to your books on my own, so this one is saved for you to finish. | I am less than 70 out of 100 sure about what this bill says. That is too little to even ask about, so this one is saved for you to finish. That is the ₹4,200.00 bill from Sharma Traders."
tests/test_company_identity.py::test_a_question_and_its_answer_stay_in_the_configured_company,B_CAGE_FALSE_BLOCK,"blocked on period_open=None which pipeline.run hardcodes though period.py can read it, AND on a party with history that is not in the chart of accounts, AND on laws a typed sentence cannot satisfy",yes,typed_text,,Gupta Hardware,150000,,,0,False,None,False,INDETERMINATE,INDETERMINATE,PASS,"There is something on this bill I could not check at all. Not checked is not the same as checked and fine, so nothing was posted. | I could not tell whether the books for this date are still open, so nothing was posted. | I have never seen Gupta Hardware in your books. I will never add a new name to your books on my own, so this one is saved for you to finish. | I am less than 70 out of 100 sure about what this bill says. That is too little to even ask about, so this one is saved for you to finish. That is the ₹1,500.00 bill from Gupta Hardware."
tests/test_company_identity.py::test_a_request_cannot_name_a_company_of_its_own,B_CAGE_FALSE_BLOCK,"blocked on period_open=None which pipeline.run hardcodes though period.py can read it, AND on a party with history that is not in the chart of accounts, AND on laws a typed sentence cannot satisfy",yes,typed_text,,Sharma Traders,420000,,,0,False,None,False,INDETERMINATE,INDETERMINATE,PASS,"There is something on this bill I could not check at all. Not checked is not the same as checked and fine, so nothing was posted. | I could not tell whether the books for this date are still open, so nothing was posted. | I have never seen Sharma Traders in your books. I will never add a new name to your books on my own, so this one is saved for you to finish. | I am less than 70 out of 100 sure about what this bill says. That is too little to even ask about, so this one is saved for you to finish. That is the ₹4,200.00 bill from Sharma Traders."
tests/test_company_routes.py::test_the_bulk_reversal_preview_lists_only_our_own_vouchers,B_CAGE_FALSE_BLOCK,"blocked on period_open=None which pipeline.run hardcodes though period.py can read it, AND on a party with history that is not in the chart of accounts, AND on laws a typed sentence cannot satisfy",yes,typed_text,,Sharma Traders,420000,,,0,False,None,False,INDETERMINATE,INDETERMINATE,PASS,"There is something on this bill I could not check at all. Not checked is not the same as checked and fine, so nothing was posted. | I could not tell whether the books for this date are still open, so nothing was posted. | I have never seen Sharma Traders in your books. I will never add a new name to your books on my own, so this one is saved for you to finish. | I am less than 70 out of 100 sure about what this bill says. That is too little to even ask about, so this one is saved for you to finish. That is the ₹4,200.00 bill from Sharma Traders."
tests/test_company_routes.py::test_a_bulk_reversal_previewed_for_another_company_never_reverses_it,B_CAGE_FALSE_BLOCK,"blocked on period_open=None which pipeline.run hardcodes though period.py can read it, AND on a party with history that is not in the chart of accounts, AND on laws a typed sentence cannot satisfy",yes,typed_text,,Sharma Traders,420000,,,0,False,None,False,INDETERMINATE,INDETERMINATE,PASS,"There is something on this bill I could not check at all. Not checked is not the same as checked and fine, so nothing was posted. | I could not tell whether the books for this date are still open, so nothing was posted. | I have never seen Sharma Traders in your books. I will never add a new name to your books on my own, so this one is saved for you to finish. | I am less than 70 out of 100 sure about what this bill says. That is too little to even ask about, so this one is saved for you to finish. That is the ₹4,200.00 bill from Sharma Traders."
tests/test_company_unicode.py::test_an_nfd_company_name_can_be_worked_in_end_to_end_over_http,B_CAGE_FALSE_BLOCK,"blocked on period_open=None which pipeline.run hardcodes though period.py can read it, AND on a party with history that is not in the chart of accounts, AND on laws a typed sentence cannot satisfy",yes,typed_text,,Sharma Traders,420000,,,0,False,None,False,INDETERMINATE,INDETERMINATE,PASS,"There is something on this bill I could not check at all. Not checked is not the same as checked and fine, so nothing was posted. | I could not tell whether the books for this date are still open, so nothing was posted. | I have never seen Sharma Traders in your books. I will never add a new name to your books on my own, so this one is saved for you to finish. | I am less than 70 out of 100 sure about what this bill says. That is too little to even ask about, so this one is saved for you to finish. That is the ₹4,200.00 bill from Sharma Traders."
tests/test_dismissal_durability.py::test_a_matched_vendor_posts_without_ever_offering_a_flag,B_CAGE_FALSE_BLOCK,"blocked on period_open=None which pipeline.run hardcodes though period.py can read it, AND on a party with history that is not in the chart of accounts, AND on laws a typed sentence cannot satisfy",yes,typed_text,,Sharma Traders,420000,,,0,False,None,False,INDETERMINATE,INDETERMINATE,PASS,"There is something on this bill I could not check at all. Not checked is not the same as checked and fine, so nothing was posted. | I could not tell whether the books for this date are still open, so nothing was posted. | I have never seen Sharma Traders in your books. I will never add a new name to your books on my own, so this one is saved for you to finish. | I am less than 70 out of 100 sure about what this bill says. That is too little to even ask about, so this one is saved for you to finish. That is the ₹4,200.00 bill from Sharma Traders."
tests/test_error_responses.py::test_a_refused_write_satisfies_all_five_properties[explicit_rejection],B_CAGE_FALSE_BLOCK,"blocked on period_open=None which pipeline.run hardcodes though period.py can read it, AND on a party with history that is not in the chart of accounts, AND on laws a typed sentence cannot satisfy",yes,typed_text,,Sharma Traders,420000,,,0,False,None,False,INDETERMINATE,INDETERMINATE,PASS,"There is something on this bill I could not check at all. Not checked is not the same as checked and fine, so nothing was posted. | I could not tell whether the books for this date are still open, so nothing was posted. | I have never seen Sharma Traders in your books. I will never add a new name to your books on my own, so this one is saved for you to finish. | I am less than 70 out of 100 sure about what this bill says. That is too little to even ask about, so this one is saved for you to finish. That is the ₹4,200.00 bill from Sharma Traders."
tests/test_error_responses.py::test_a_refused_write_satisfies_all_five_properties[unknown_outcome],B_CAGE_FALSE_BLOCK,"blocked on period_open=None which pipeline.run hardcodes though period.py can read it, AND on a party with history that is not in the chart of accounts, AND on laws a typed sentence cannot satisfy",yes,typed_text,,Sharma Traders,420000,,,0,False,None,False,INDETERMINATE,INDETERMINATE,PASS,"There is something on this bill I could not check at all. Not checked is not the same as checked and fine, so nothing was posted. | I could not tell whether the books for this date are still open, so nothing was posted. | I have never seen Sharma Traders in your books. I will never add a new name to your books on my own, so this one is saved for you to finish. | I am less than 70 out of 100 sure about what this bill says. That is too little to even ask about, so this one is saved for you to finish. That is the ₹4,200.00 bill from Sharma Traders."
tests/test_error_responses.py::test_a_refused_write_is_never_retried_by_the_pipeline_on_its_own,B_CAGE_FALSE_BLOCK,"blocked on period_open=None which pipeline.run hardcodes though period.py can read it, AND on a party with history that is not in the chart of accounts, AND on laws a typed sentence cannot satisfy",yes,typed_text,,Sharma Traders,420000,,,0,False,None,False,INDETERMINATE,INDETERMINATE,PASS,"There is something on this bill I could not check at all. Not checked is not the same as checked and fine, so nothing was posted. | I could not tell whether the books for this date are still open, so nothing was posted. | I have never seen Sharma Traders in your books. I will never add a new name to your books on my own, so this one is saved for you to finish. | I am less than 70 out of 100 sure about what this bill says. That is too little to even ask about, so this one is saved for you to finish. That is the ₹4,200.00 bill from Sharma Traders."
tests/test_error_responses.py::test_a_bulk_reversal_that_meets_a_refusal_never_reports_completed,B_CAGE_FALSE_BLOCK,"blocked on period_open=None which pipeline.run hardcodes though period.py can read it, AND on a party with history that is not in the chart of accounts, AND on laws a typed sentence cannot satisfy",yes,typed_text,,Sharma Traders,420000,,,0,False,None,False,INDETERMINATE,INDETERMINATE,PASS,"There is something on this bill I could not check at all. Not checked is not the same as checked and fine, so nothing was posted. | I could not tell whether the books for this date are still open, so nothing was posted. | I have never seen Sharma Traders in your books. I will never add a new name to your books on my own, so this one is saved for you to finish. | I am less than 70 out of 100 sure about what this bill says. That is too little to even ask about, so this one is saved for you to finish. That is the ₹4,200.00 bill from Sharma Traders."
tests/test_error_responses.py::test_a_bulk_reversal_whose_answer_is_unreadable_reports_unknown_not_failed,B_CAGE_FALSE_BLOCK,"blocked on period_open=None which pipeline.run hardcodes though period.py can read it, AND on a party with history that is not in the chart of accounts, AND on laws a typed sentence cannot satisfy",yes,typed_text,,Sharma Traders,420000,,,0,False,None,False,INDETERMINATE,INDETERMINATE,PASS,"There is something on this bill I could not check at all. Not checked is not the same as checked and fine, so nothing was posted. | I could not tell whether the books for this date are still open, so nothing was posted. | I have never seen Sharma Traders in your books. I will never add a new name to your books on my own, so this one is saved for you to finish. | I am less than 70 out of 100 sure about what this bill says. That is too little to even ask about, so this one is saved for you to finish. That is the ₹4,200.00 bill from Sharma Traders."
tests/test_error_responses.py::test_a_write_tally_refuses_is_answered_with_a_page_and_not_a_dropped_socket,B_CAGE_FALSE_BLOCK,"blocked on period_open=None which pipeline.run hardcodes though period.py can read it, AND on a party with history that is not in the chart of accounts, AND on laws a typed sentence cannot satisfy",yes,typed_text,,Sharma Traders,420000,,,0,False,None,False,INDETERMINATE,INDETERMINATE,PASS,"There is something on this bill I could not check at all. Not checked is not the same as checked and fine, so nothing was posted. | I could not tell whether the books for this date are still open, so nothing was posted. | I have never seen Sharma Traders in your books. I will never add a new name to your books on my own, so this one is saved for you to finish. | I am less than 70 out of 100 sure about what this bill says. That is too little to even ask about, so this one is saved for you to finish. That is the ₹4,200.00 bill from Sharma Traders."
tests/test_error_responses.py::test_a_refused_write_leaves_the_diagnosis_in_the_durable_log,B_CAGE_FALSE_BLOCK,"blocked on period_open=None which pipeline.run hardcodes though period.py can read it, AND on a party with history that is not in the chart of accounts, AND on laws a typed sentence cannot satisfy",yes,typed_text,,Sharma Traders,420000,,,0,False,None,False,INDETERMINATE,INDETERMINATE,PASS,"There is something on this bill I could not check at all. Not checked is not the same as checked and fine, so nothing was posted. | I could not tell whether the books for this date are still open, so nothing was posted. | I have never seen Sharma Traders in your books. I will never add a new name to your books on my own, so this one is saved for you to finish. | I am less than 70 out of 100 sure about what this bill says. That is too little to even ask about, so this one is saved for you to finish. That is the ₹4,200.00 bill from Sharma Traders."
tests/test_extract_outage.py::test_after_any_outage_the_person_can_type_the_entry_and_it_posts[unavailable],A_CAGE_CORRECT,"no party was read at all, so there is no one to post against",yes,reader_service,,,,,,0,False,None,False,INDETERMINATE,INDETERMINATE,INDETERMINATE,"There is something on this bill I could not check at all. Not checked is not the same as checked and fine, so nothing was posted. | Nobody said which amount the checks on this bill were run on, so I cannot tell that the amount that was checked is the amount that would go into your books, and nothing was posted. | I could not tell whether the books for this date are still open, so nothing was posted. | I do not know who this bill is from. I will never add a new name to your books on my own, so this one is saved for you to finish. | I am less than 70 out of 100 sure about what this bill says. That is too little to even ask about, so this one is saved for you to finish."
tests/test_extract_outage.py::test_after_any_outage_the_person_can_type_the_entry_and_it_posts[timeout],A_CAGE_CORRECT,"no party was read at all, so there is no one to post against",yes,reader_service,,,,,,0,False,None,False,INDETERMINATE,INDETERMINATE,INDETERMINATE,"There is something on this bill I could not check at all. Not checked is not the same as checked and fine, so nothing was posted. | Nobody said which amount the checks on this bill were run on, so I cannot tell that the amount that was checked is the amount that would go into your books, and nothing was posted. | I could not tell whether the books for this date are still open, so nothing was posted. | I do not know who this bill is from. I will never add a new name to your books on my own, so this one is saved for you to finish. | I am less than 70 out of 100 sure about what this bill says. That is too little to even ask about, so this one is saved for you to finish."
tests/test_extract_outage.py::test_after_any_outage_the_person_can_type_the_entry_and_it_posts[malformed response],A_CAGE_CORRECT,"no party was read at all, so there is no one to post against",yes,reader_service,,,,,,0,False,None,False,INDETERMINATE,INDETERMINATE,INDETERMINATE,"There is something on this bill I could not check at all. Not checked is not the same as checked and fine, so nothing was posted. | Nobody said which amount the checks on this bill were run on, so I cannot tell that the amount that was checked is the amount that would go into your books, and nothing was posted. | I could not tell whether the books for this date are still open, so nothing was posted. | I do not know who this bill is from. I will never add a new name to your books on my own, so this one is saved for you to finish. | I am less than 70 out of 100 sure about what this bill says. That is too little to even ask about, so this one is saved for you to finish."
tests/test_extract_outage.py::test_after_any_outage_the_person_can_type_the_entry_and_it_posts[partial response],A_CAGE_CORRECT,"no party was read at all, so there is no one to post against",yes,reader_service,,,,,,0,False,None,False,INDETERMINATE,INDETERMINATE,INDETERMINATE,"There is something on this bill I could not check at all. Not checked is not the same as checked and fine, so nothing was posted. | Nobody said which amount the checks on this bill were run on, so I cannot tell that the amount that was checked is the amount that would go into your books, and nothing was posted. | I could not tell whether the books for this date are still open, so nothing was posted. | I do not know who this bill is from. I will never add a new name to your books on my own, so this one is saved for you to finish. | I am less than 70 out of 100 sure about what this bill says. That is too little to even ask about, so this one is saved for you to finish."
tests/test_extract_outage.py::test_after_any_outage_the_person_can_type_the_entry_and_it_posts[authentication failure],A_CAGE_CORRECT,"no party was read at all, so there is no one to post against",yes,reader_service,,,,,,0,False,None,False,INDETERMINATE,INDETERMINATE,INDETERMINATE,"There is something on this bill I could not check at all. Not checked is not the same as checked and fine, so nothing was posted. | Nobody said which amount the checks on this bill were run on, so I cannot tell that the amount that was checked is the amount that would go into your books, and nothing was posted. | I could not tell whether the books for this date are still open, so nothing was posted. | I do not know who this bill is from. I will never add a new name to your books on my own, so this one is saved for you to finish. | I am less than 70 out of 100 sure about what this bill says. That is too little to even ask about, so this one is saved for you to finish."
tests/test_extract_outage.py::test_after_any_outage_the_person_can_type_the_entry_and_it_posts[rate limit],A_CAGE_CORRECT,"no party was read at all, so there is no one to post against",yes,reader_service,,,,,,0,False,None,False,INDETERMINATE,INDETERMINATE,INDETERMINATE,"There is something on this bill I could not check at all. Not checked is not the same as checked and fine, so nothing was posted. | Nobody said which amount the checks on this bill were run on, so I cannot tell that the amount that was checked is the amount that would go into your books, and nothing was posted. | I could not tell whether the books for this date are still open, so nothing was posted. | I do not know who this bill is from. I will never add a new name to your books on my own, so this one is saved for you to finish. | I am less than 70 out of 100 sure about what this bill says. That is too little to even ask about, so this one is saved for you to finish."
tests/test_extract_outage.py::test_after_any_outage_the_person_can_type_the_entry_and_it_posts[empty response],A_CAGE_CORRECT,"no party was read at all, so there is no one to post against",yes,reader_service,,,,,,0,False,None,False,INDETERMINATE,INDETERMINATE,INDETERMINATE,"There is something on this bill I could not check at all. Not checked is not the same as checked and fine, so nothing was posted. | Nobody said which amount the checks on this bill were run on, so I cannot tell that the amount that was checked is the amount that would go into your books, and nothing was posted. | I could not tell whether the books for this date are still open, so nothing was posted. | I do not know who this bill is from. I will never add a new name to your books on my own, so this one is saved for you to finish. | I am less than 70 out of 100 sure about what this bill says. That is too little to even ask about, so this one is saved for you to finish."
tests/test_extract_outage.py::test_after_any_outage_the_person_can_type_the_entry_and_it_posts[connection refused],A_CAGE_CORRECT,"no party was read at all, so there is no one to post against",yes,reader_service,,,,,,0,False,None,False,INDETERMINATE,INDETERMINATE,INDETERMINATE,"There is something on this bill I could not check at all. Not checked is not the same as checked and fine, so nothing was posted. | Nobody said which amount the checks on this bill were run on, so I cannot tell that the amount that was checked is the amount that would go into your books, and nothing was posted. | I could not tell whether the books for this date are still open, so nothing was posted. | I do not know who this bill is from. I will never add a new name to your books on my own, so this one is saved for you to finish. | I am less than 70 out of 100 sure about what this bill says. That is too little to even ask about, so this one is saved for you to finish."
tests/test_extract_outage.py::test_after_any_outage_the_person_can_type_the_entry_and_it_posts[response for a different document],A_CAGE_CORRECT,"no party was read at all, so there is no one to post against",yes,reader_service,,,,,,0,False,None,False,INDETERMINATE,INDETERMINATE,INDETERMINATE,"There is something on this bill I could not check at all. Not checked is not the same as checked and fine, so nothing was posted. | Nobody said which amount the checks on this bill were run on, so I cannot tell that the amount that was checked is the amount that would go into your books, and nothing was posted. | I could not tell whether the books for this date are still open, so nothing was posted. | I do not know who this bill is from. I will never add a new name to your books on my own, so this one is saved for you to finish. | I am less than 70 out of 100 sure about what this bill says. That is too little to even ask about, so this one is saved for you to finish."
tests/test_extract_outage.py::test_after_any_outage_the_person_can_type_the_entry_and_it_posts[response missing the named fields],A_CAGE_CORRECT,"no party was read at all, so there is no one to post against",yes,reader_service,,,,,,0,False,None,False,INDETERMINATE,INDETERMINATE,INDETERMINATE,"There is something on this bill I could not check at all. Not checked is not the same as checked and fine, so nothing was posted. | Nobody said which amount the checks on this bill were run on, so I cannot tell that the amount that was checked is the amount that would go into your books, and nothing was posted. | I could not tell whether the books for this date are still open, so nothing was posted. | I do not know who this bill is from. I will never add a new name to your books on my own, so this one is saved for you to finish. | I am less than 70 out of 100 sure about what this bill says. That is too little to even ask about, so this one is saved for you to finish."
tests/test_extract_outage.py::test_the_app_still_chooses_its_own_backend_when_none_is_injected,B_CAGE_FALSE_BLOCK,"blocked on period_open=None which pipeline.run hardcodes though period.py can read it, AND on a party with history that is not in the chart of accounts, AND on laws a typed sentence cannot satisfy",yes,typed_text,,Sharma Traders,420000,,,0,False,None,False,INDETERMINATE,INDETERMINATE,PASS,"There is something on this bill I could not check at all. Not checked is not the same as checked and fine, so nothing was posted. | I could not tell whether the books for this date are still open, so nothing was posted. | I have never seen Sharma Traders in your books. I will never add a new name to your books on my own, so this one is saved for you to finish. | I am less than 70 out of 100 sure about what this bill says. That is too little to even ask about, so this one is saved for you to finish. That is the ₹4,200.00 bill from Sharma Traders."
tests/test_first_detector.py::test_the_existing_review_behaviour_is_unchanged,B_CAGE_FALSE_BLOCK,"blocked on period_open=None which pipeline.run hardcodes though period.py can read it, AND on a party with history that is not in the chart of accounts, AND on laws a typed sentence cannot satisfy",yes,typed_text,,Sharma Traders,420000,,,0,False,None,False,INDETERMINATE,INDETERMINATE,PASS,"There is something on this bill I could not check at all. Not checked is not the same as checked and fine, so nothing was posted. | I could not tell whether the books for this date are still open, so nothing was posted. | I have never seen Sharma Traders in your books. I will never add a new name to your books on my own, so this one is saved for you to finish. | I am less than 70 out of 100 sure about what this bill says. That is too little to even ask about, so this one is saved for you to finish. That is the ₹4,200.00 bill from Sharma Traders."
tests/test_funding_leg.py::test_a_vendor_always_paid_in_cash_has_its_funding_leg_read_not_guessed,B_CAGE_FALSE_BLOCK,"blocked on period_open=None which pipeline.run hardcodes though period.py can read it, AND on a party with history that is not in the chart of accounts, AND on laws a typed sentence cannot satisfy",yes,typed_text,,Sharma Traders,420000,,,0,False,None,False,INDETERMINATE,INDETERMINATE,PASS,"There is something on this bill I could not check at all. Not checked is not the same as checked and fine, so nothing was posted. | I could not tell whether the books for this date are still open, so nothing was posted. | I have never seen Sharma Traders in your books. I will never add a new name to your books on my own, so this one is saved for you to finish. | I am less than 70 out of 100 sure about what this bill says. That is too little to even ask about, so this one is saved for you to finish. That is the ₹4,200.00 bill from Sharma Traders."
tests/test_funding_leg.py::test_the_funding_leg_is_not_cash_merely_because_cash_is_a_common_account,B_CAGE_FALSE_BLOCK,"blocked on period_open=None which pipeline.run hardcodes though period.py can read it, AND on a party with history that is not in the chart of accounts, AND on laws a typed sentence cannot satisfy",yes,typed_text,,Verma Cement,90000,,,0,False,None,False,INDETERMINATE,INDETERMINATE,PASS,"There is something on this bill I could not check at all. Not checked is not the same as checked and fine, so nothing was posted. | I could not tell whether the books for this date are still open, so nothing was posted. | I have never seen Verma Cement in your books. I will never add a new name to your books on my own, so this one is saved for you to finish. | I am less than 70 out of 100 sure about what this bill says. That is too little to even ask about, so this one is saved for you to finish. That is the ₹900.00 bill from Verma Cement."
tests/test_funding_leg.py::test_purpose_is_asked_before_funding_and_each_answer_lands_on_its_own_leg,B_CAGE_FALSE_BLOCK,"blocked on period_open=None which pipeline.run hardcodes though period.py can read it, AND on a party with history that is not in the chart of accounts, AND on laws a typed sentence cannot satisfy",yes,typed_text,,Gupta Hardware,150000,,,0,False,None,False,INDETERMINATE,INDETERMINATE,PASS,"There is something on this bill I could not check at all. Not checked is not the same as checked and fine, so nothing was posted. | I could not tell whether the books for this date are still open, so nothing was posted. | I have never seen Gupta Hardware in your books. I will never add a new name to your books on my own, so this one is saved for you to finish. | I am less than 70 out of 100 sure about what this bill says. That is too little to even ask about, so this one is saved for you to finish. That is the ₹1,500.00 bill from Gupta Hardware."
tests/test_gst_ground_truth_runner.py::test_the_extraction_section_scores_exit_one_and_exit_two_separately,D_TEST_INVALID_OR_INCOMPLETE,the test failed without ever reaching the cage - it is not a cage question,no,,,,,,,,,None,,,,,
tests/test_gst_ground_truth_runner.py::test_a_refusal_that_states_a_reason_is_still_a_refusal,D_TEST_INVALID_OR_INCOMPLETE,the test failed without ever reaching the cage - it is not a cage question,no,,,,,,,,,None,,,,,
tests/test_gst_safety_sweep.py::test_a_bill_with_no_tax_on_it_still_reaches_valid_and_posts[c_cement],B_CAGE_FALSE_BLOCK,"blocked on period_open=None which pipeline.run hardcodes though period.py can read it, AND on a party with history that is not in the chart of accounts, AND on laws a typed sentence cannot satisfy",yes,typed_text,,Sharma Traders,420000,,,0,False,None,False,INDETERMINATE,INDETERMINATE,PASS,"There is something on this bill I could not check at all. Not checked is not the same as checked and fine, so nothing was posted. | I could not tell whether the books for this date are still open, so nothing was posted. | I have never seen Sharma Traders in your books. I will never add a new name to your books on my own, so this one is saved for you to finish. | I am less than 70 out of 100 sure about what this bill says. That is too little to even ask about, so this one is saved for you to finish. That is the ₹4,200.00 bill from Sharma Traders."
tests/test_gst_safety_sweep.py::test_a_bill_with_no_tax_on_it_still_reaches_valid_and_posts[c_sand],B_CAGE_FALSE_BLOCK,"blocked on period_open=None which pipeline.run hardcodes though period.py can read it, AND on a party with history that is not in the chart of accounts, AND on laws a typed sentence cannot satisfy",yes,typed_text,,Sharma Traders,180000,,,0,False,None,False,INDETERMINATE,INDETERMINATE,PASS,"There is something on this bill I could not check at all. Not checked is not the same as checked and fine, so nothing was posted. | I could not tell whether the books for this date are still open, so nothing was posted. | I have never seen Sharma Traders in your books. I will never add a new name to your books on my own, so this one is saved for you to finish. | I am less than 70 out of 100 sure about what this bill says. That is too little to even ask about, so this one is saved for you to finish. That is the ₹1,800.00 bill from Sharma Traders."
tests/test_gst_safety_sweep.py::test_a_bill_with_no_tax_on_it_still_reaches_valid_and_posts[c_steel],B_CAGE_FALSE_BLOCK,"blocked on period_open=None which pipeline.run hardcodes though period.py can read it, AND on a party with history that is not in the chart of accounts, AND on laws a typed sentence cannot satisfy",yes,typed_text,,Sharma Traders,90000,,,0,False,None,False,INDETERMINATE,INDETERMINATE,PASS,"There is something on this bill I could not check at all. Not checked is not the same as checked and fine, so nothing was posted. | I could not tell whether the books for this date are still open, so nothing was posted. | I have never seen Sharma Traders in your books. I will never add a new name to your books on my own, so this one is saved for you to finish. | I am less than 70 out of 100 sure about what this bill says. That is too little to even ask about, so this one is saved for you to finish. That is the ₹900.00 bill from Sharma Traders."
tests/test_gst_safety_sweep.py::test_a_bill_with_no_tax_on_it_still_reaches_valid_and_posts[c_bricks],B_CAGE_FALSE_BLOCK,"blocked on period_open=None which pipeline.run hardcodes though period.py can read it, AND on a party with history that is not in the chart of accounts, AND on laws a typed sentence cannot satisfy",yes,typed_text,,Sharma Traders,250000,,,0,False,None,False,INDETERMINATE,INDETERMINATE,PASS,"There is something on this bill I could not check at all. Not checked is not the same as checked and fine, so nothing was posted. | I could not tell whether the books for this date are still open, so nothing was posted. | I have never seen Sharma Traders in your books. I will never add a new name to your books on my own, so this one is saved for you to finish. | I am less than 70 out of 100 sure about what this bill says. That is too little to even ask about, so this one is saved for you to finish. That is the ₹2,500.00 bill from Sharma Traders."
tests/test_gst_safety_sweep.py::test_a_bill_with_no_tax_on_it_still_reaches_valid_and_posts[c_timber],B_CAGE_FALSE_BLOCK,"blocked on period_open=None which pipeline.run hardcodes though period.py can read it, AND on a party with history that is not in the chart of accounts, AND on laws a typed sentence cannot satisfy",yes,typed_text,,Sharma Traders,330000,,,0,False,None,False,INDETERMINATE,INDETERMINATE,PASS,"There is something on this bill I could not check at all. Not checked is not the same as checked and fine, so nothing was posted. | I could not tell whether the books for this date are still open, so nothing was posted. | I have never seen Sharma Traders in your books. I will never add a new name to your books on my own, so this one is saved for you to finish. | I am less than 70 out of 100 sure about what this bill says. That is too little to even ask about, so this one is saved for you to finish. That is the ₹3,300.00 bill from Sharma Traders."
tests/test_gst_safety_sweep.py::test_a_bill_with_no_tax_on_it_still_reaches_valid_and_posts[c_stub_small],B_CAGE_FALSE_BLOCK,"blocked on period_open=None which pipeline.run hardcodes though period.py can read it, AND on a party with history that is not in the chart of accounts, AND on laws a typed sentence cannot satisfy",yes,stub,,Sharma Traders,90000,,,0,False,None,False,INDETERMINATE,INDETERMINATE,PASS,"There is something on this bill I could not check at all. Not checked is not the same as checked and fine, so nothing was posted. | I could not tell whether the books for this date are still open, so nothing was posted. | I have never seen Sharma Traders in your books. I will never add a new name to your books on my own, so this one is saved for you to finish. | I am less than 70 out of 100 sure about what this bill says. That is too little to even ask about, so this one is saved for you to finish. That is the ₹900.00 bill from Sharma Traders."
tests/test_gst_safety_sweep.py::test_a_bill_with_no_tax_on_it_still_reaches_valid_and_posts[c_stub_mid],B_CAGE_FALSE_BLOCK,"blocked on period_open=None which pipeline.run hardcodes though period.py can read it, AND on a party with history that is not in the chart of accounts, AND on laws a typed sentence cannot satisfy",yes,stub,,Sharma Traders,180000,,,0,False,None,False,INDETERMINATE,INDETERMINATE,PASS,"There is something on this bill I could not check at all. Not checked is not the same as checked and fine, so nothing was posted. | I could not tell whether the books for this date are still open, so nothing was posted. | I have never seen Sharma Traders in your books. I will never add a new name to your books on my own, so this one is saved for you to finish. | I am less than 70 out of 100 sure about what this bill says. That is too little to even ask about, so this one is saved for you to finish. That is the ₹1,800.00 bill from Sharma Traders."
tests/test_gst_safety_sweep.py::test_a_bill_with_no_tax_on_it_still_reaches_valid_and_posts[c_stub_par],B_CAGE_FALSE_BLOCK,"blocked on period_open=None which pipeline.run hardcodes though period.py can read it, AND on a party with history that is not in the chart of accounts, AND on laws a typed sentence cannot satisfy",yes,stub,,Sharma Traders,250000,,,0,False,None,False,INDETERMINATE,INDETERMINATE,PASS,"There is something on this bill I could not check at all. Not checked is not the same as checked and fine, so nothing was posted. | I could not tell whether the books for this date are still open, so nothing was posted. | I have never seen Sharma Traders in your books. I will never add a new name to your books on my own, so this one is saved for you to finish. | I am less than 70 out of 100 sure about what this bill says. That is too little to even ask about, so this one is saved for you to finish. That is the ₹2,500.00 bill from Sharma Traders."
tests/test_gst_safety_sweep.py::test_a_bill_with_no_tax_on_it_still_reaches_valid_and_posts[c_stub_high],B_CAGE_FALSE_BLOCK,"blocked on period_open=None which pipeline.run hardcodes though period.py can read it, AND on a party with history that is not in the chart of accounts, AND on laws a typed sentence cannot satisfy",yes,stub,,Sharma Traders,330000,,,0,False,None,False,INDETERMINATE,INDETERMINATE,PASS,"There is something on this bill I could not check at all. Not checked is not the same as checked and fine, so nothing was posted. | I could not tell whether the books for this date are still open, so nothing was posted. | I have never seen Sharma Traders in your books. I will never add a new name to your books on my own, so this one is saved for you to finish. | I am less than 70 out of 100 sure about what this bill says. That is too little to even ask about, so this one is saved for you to finish. That is the ₹3,300.00 bill from Sharma Traders."
tests/test_gst_safety_sweep.py::test_a_bill_with_no_tax_on_it_still_reaches_valid_and_posts[c_stub_top],B_CAGE_FALSE_BLOCK,"blocked on period_open=None which pipeline.run hardcodes though period.py can read it, AND on a party with history that is not in the chart of accounts, AND on laws a typed sentence cannot satisfy",yes,stub,,Sharma Traders,420000,,,0,False,None,False,INDETERMINATE,INDETERMINATE,PASS,"There is something on this bill I could not check at all. Not checked is not the same as checked and fine, so nothing was posted. | I could not tell whether the books for this date are still open, so nothing was posted. | I have never seen Sharma Traders in your books. I will never add a new name to your books on my own, so this one is saved for you to finish. | I am less than 70 out of 100 sure about what this bill says. That is too little to even ask about, so this one is saved for you to finish. That is the ₹4,200.00 bill from Sharma Traders."
tests/test_gst_safety_sweep.py::test_every_case_with_no_tax_question_reaches_the_expected_valid_result,C_REQUIREMENT_CHANGED,GST posting is switched off by owner decision; the test predates it,yes,typed_text,,Sharma Traders,420000,20000,,0,False,None,True,INDETERMINATE,INDETERMINATE,PASS,"There is something on this bill I could not check at all. Not checked is not the same as checked and fine, so nothing was posted. | This bill includes GST. GST posting is switched off, so this cannot be posted automatically. Please enter this one in Tally yourself. That is the ₹4,200.00 bill from Sharma Traders. | I could not tell whether the books for this date are still open, so nothing was posted. | I have never seen Sharma Traders in your books. I will never add a new name to your books on my own, so this one is saved for you to finish. | I am less than 70 out of 100 sure about what this bill says. That is too little to even ask about, so this one is saved for you to finish. That is the ₹4,200.00 bill from Sharma Traders."
tests/test_gst_safety_sweep.py::test_the_connector_never_refuses_what_the_application_called_valid,D_TEST_INVALID_OR_INCOMPLETE,the test failed without ever reaching the cage - it is not a cage question,no,,,,,,,,,None,,,,,
tests/test_idempotency.py::test_the_same_typed_entry_submitted_twice_creates_two_drafts_and_two_vouchers,B_CAGE_FALSE_BLOCK,"blocked on period_open=None which pipeline.run hardcodes though period.py can read it, AND on a party with history that is not in the chart of accounts, AND on laws a typed sentence cannot satisfy",yes,typed_text,,Sharma Traders,420000,,,0,False,None,False,INDETERMINATE,INDETERMINATE,PASS,"There is something on this bill I could not check at all. Not checked is not the same as checked and fine, so nothing was posted. | I could not tell whether the books for this date are still open, so nothing was posted. | I have never seen Sharma Traders in your books. I will never add a new name to your books on my own, so this one is saved for you to finish. | I am less than 70 out of 100 sure about what this bill says. That is too little to even ask about, so this one is saved for you to finish. That is the ₹4,200.00 bill from Sharma Traders."
tests/test_idempotency.py::test_a_double_click_needs_no_race_to_produce_the_second_voucher,B_CAGE_FALSE_BLOCK,"blocked on period_open=None which pipeline.run hardcodes though period.py can read it, AND on a party with history that is not in the chart of accounts, AND on laws a typed sentence cannot satisfy",yes,typed_text,,Sharma Traders,420000,,,0,False,None,False,INDETERMINATE,INDETERMINATE,PASS,"There is something on this bill I could not check at all. Not checked is not the same as checked and fine, so nothing was posted. | I could not tell whether the books for this date are still open, so nothing was posted. | I have never seen Sharma Traders in your books. I will never add a new name to your books on my own, so this one is saved for you to finish. | I am less than 70 out of 100 sure about what this bill says. That is too little to even ask about, so this one is saved for you to finish. That is the ₹4,200.00 bill from Sharma Traders."
tests/test_idempotency.py::test_nothing_asks_or_flags_when_the_same_entry_arrives_a_second_time,B_CAGE_FALSE_BLOCK,"blocked on period_open=None which pipeline.run hardcodes though period.py can read it, AND on a party with history that is not in the chart of accounts, AND on laws a typed sentence cannot satisfy",yes,typed_text,,Sharma Traders,420000,,,0,False,None,False,INDETERMINATE,INDETERMINATE,PASS,"There is something on this bill I could not check at all. Not checked is not the same as checked and fine, so nothing was posted. | I could not tell whether the books for this date are still open, so nothing was posted. | I have never seen Sharma Traders in your books. I will never add a new name to your books on my own, so this one is saved for you to finish. | I am less than 70 out of 100 sure about what this bill says. That is too little to even ask about, so this one is saved for you to finish. That is the ₹4,200.00 bill from Sharma Traders."
tests/test_idempotency.py::test_the_two_vouchers_from_one_double_click_carry_different_markers,B_CAGE_FALSE_BLOCK,"blocked on period_open=None which pipeline.run hardcodes though period.py can read it, AND on a party with history that is not in the chart of accounts, AND on laws a typed sentence cannot satisfy",yes,typed_text,,Sharma Traders,420000,,,0,False,None,False,INDETERMINATE,INDETERMINATE,PASS,"There is something on this bill I could not check at all. Not checked is not the same as checked and fine, so nothing was posted. | I could not tell whether the books for this date are still open, so nothing was posted. | I have never seen Sharma Traders in your books. I will never add a new name to your books on my own, so this one is saved for you to finish. | I am less than 70 out of 100 sure about what this bill says. That is too little to even ask about, so this one is saved for you to finish. That is the ₹4,200.00 bill from Sharma Traders."
tests/test_idempotency.py::test_posting_the_same_draft_twice_writes_one_voucher_and_moves_nothing,B_CAGE_FALSE_BLOCK,"blocked on period_open=None which pipeline.run hardcodes though period.py can read it, AND on a party with history that is not in the chart of accounts, AND on laws a typed sentence cannot satisfy",yes,typed_text,,Sharma Traders,420000,,,0,False,None,False,INDETERMINATE,INDETERMINATE,PASS,"There is something on this bill I could not check at all. Not checked is not the same as checked and fine, so nothing was posted. | I could not tell whether the books for this date are still open, so nothing was posted. | I have never seen Sharma Traders in your books. I will never add a new name to your books on my own, so this one is saved for you to finish. | I am less than 70 out of 100 sure about what this bill says. That is too little to even ask about, so this one is saved for you to finish. That is the ₹4,200.00 bill from Sharma Traders."
tests/test_idempotency.py::test_a_refused_replay_leaves_durable_rows_and_no_second_posted_row,B_CAGE_FALSE_BLOCK,"blocked on period_open=None which pipeline.run hardcodes though period.py can read it, AND on a party with history that is not in the chart of accounts, AND on laws a typed sentence cannot satisfy",yes,typed_text,,Sharma Traders,420000,,,0,False,None,False,INDETERMINATE,INDETERMINATE,PASS,"There is something on this bill I could not check at all. Not checked is not the same as checked and fine, so nothing was posted. | I could not tell whether the books for this date are still open, so nothing was posted. | I have never seen Sharma Traders in your books. I will never add a new name to your books on my own, so this one is saved for you to finish. | I am less than 70 out of 100 sure about what this bill says. That is too little to even ask about, so this one is saved for you to finish. That is the ₹4,200.00 bill from Sharma Traders."
tests/test_idempotency.py::test_a_replay_that_carries_no_log_still_cannot_write_twice,B_CAGE_FALSE_BLOCK,"blocked on period_open=None which pipeline.run hardcodes though period.py can read it, AND on a party with history that is not in the chart of accounts, AND on laws a typed sentence cannot satisfy",yes,typed_text,,Sharma Traders,420000,,,0,False,None,False,INDETERMINATE,INDETERMINATE,PASS,"There is something on this bill I could not check at all. Not checked is not the same as checked and fine, so nothing was posted. | I could not tell whether the books for this date are still open, so nothing was posted. | I have never seen Sharma Traders in your books. I will never add a new name to your books on my own, so this one is saved for you to finish. | I am less than 70 out of 100 sure about what this bill says. That is too little to even ask about, so this one is saved for you to finish. That is the ₹4,200.00 bill from Sharma Traders."
tests/test_idempotency.py::test_a_write_whose_read_back_vanished_is_not_retried_into_a_second_voucher,B_CAGE_FALSE_BLOCK,"blocked on period_open=None which pipeline.run hardcodes though period.py can read it, AND on a party with history that is not in the chart of accounts, AND on laws a typed sentence cannot satisfy",yes,typed_text,,Sharma Traders,420000,,,0,False,None,False,INDETERMINATE,INDETERMINATE,PASS,"There is something on this bill I could not check at all. Not checked is not the same as checked and fine, so nothing was posted. | I could not tell whether the books for this date are still open, so nothing was posted. | I have never seen Sharma Traders in your books. I will never add a new name to your books on my own, so this one is saved for you to finish. | I am less than 70 out of 100 sure about what this bill says. That is too little to even ask about, so this one is saved for you to finish. That is the ₹4,200.00 bill from Sharma Traders."
tests/test_idempotency.py::test_an_unknown_outcome_is_written_down_before_any_retry_is_attempted,B_CAGE_FALSE_BLOCK,"blocked on period_open=None which pipeline.run hardcodes though period.py can read it, AND on a party with history that is not in the chart of accounts, AND on laws a typed sentence cannot satisfy",yes,typed_text,,Sharma Traders,420000,,,0,False,None,False,INDETERMINATE,INDETERMINATE,PASS,"There is something on this bill I could not check at all. Not checked is not the same as checked and fine, so nothing was posted. | I could not tell whether the books for this date are still open, so nothing was posted. | I have never seen Sharma Traders in your books. I will never add a new name to your books on my own, so this one is saved for you to finish. | I am less than 70 out of 100 sure about what this bill says. That is too little to even ask about, so this one is saved for you to finish. That is the ₹4,200.00 bill from Sharma Traders."
tests/test_idempotency.py::test_a_read_back_that_raises_leaves_one_voucher_and_a_retry_that_refuses,B_CAGE_FALSE_BLOCK,"blocked on period_open=None which pipeline.run hardcodes though period.py can read it, AND on a party with history that is not in the chart of accounts, AND on laws a typed sentence cannot satisfy",yes,typed_text,,Sharma Traders,420000,,,0,False,None,False,INDETERMINATE,INDETERMINATE,PASS,"There is something on this bill I could not check at all. Not checked is not the same as checked and fine, so nothing was posted. | I could not tell whether the books for this date are still open, so nothing was posted. | I have never seen Sharma Traders in your books. I will never add a new name to your books on my own, so this one is saved for you to finish. | I am less than 70 out of 100 sure about what this bill says. That is too little to even ask about, so this one is saved for you to finish. That is the ₹4,200.00 bill from Sharma Traders."
tests/test_idempotency.py::test_replaying_the_answer_that_posted_an_entry_writes_no_second_voucher,B_CAGE_FALSE_BLOCK,"blocked on period_open=None which pipeline.run hardcodes though period.py can read it, AND on a party with history that is not in the chart of accounts, AND on laws a typed sentence cannot satisfy",yes,typed_text,,Gupta Hardware,150000,,,0,False,None,False,INDETERMINATE,INDETERMINATE,PASS,"There is something on this bill I could not check at all. Not checked is not the same as checked and fine, so nothing was posted. | I could not tell whether the books for this date are still open, so nothing was posted. | I have never seen Gupta Hardware in your books. I will never add a new name to your books on my own, so this one is saved for you to finish. | I am less than 70 out of 100 sure about what this bill says. That is too little to even ask about, so this one is saved for you to finish. That is the ₹1,500.00 bill from Gupta Hardware."
tests/test_idempotency.py::test_the_refused_replay_is_recorded_and_reports_no_second_posting,B_CAGE_FALSE_BLOCK,"blocked on period_open=None which pipeline.run hardcodes though period.py can read it, AND on a party with history that is not in the chart of accounts, AND on laws a typed sentence cannot satisfy",yes,typed_text,,Gupta Hardware,150000,,,0,False,None,False,INDETERMINATE,INDETERMINATE,PASS,"There is something on this bill I could not check at all. Not checked is not the same as checked and fine, so nothing was posted. | I could not tell whether the books for this date are still open, so nothing was posted. | I have never seen Gupta Hardware in your books. I will never add a new name to your books on my own, so this one is saved for you to finish. | I am less than 70 out of 100 sure about what this bill says. That is too little to even ask about, so this one is saved for you to finish. That is the ₹1,500.00 bill from Gupta Hardware."
tests/test_idempotency.py::test_reversing_the_same_operation_twice_moves_the_books_once,B_CAGE_FALSE_BLOCK,"blocked on period_open=None which pipeline.run hardcodes though period.py can read it, AND on a party with history that is not in the chart of accounts, AND on laws a typed sentence cannot satisfy",yes,typed_text,,Sharma Traders,420000,,,0,False,None,False,INDETERMINATE,INDETERMINATE,PASS,"There is something on this bill I could not check at all. Not checked is not the same as checked and fine, so nothing was posted. | I could not tell whether the books for this date are still open, so nothing was posted. | I have never seen Sharma Traders in your books. I will never add a new name to your books on my own, so this one is saved for you to finish. | I am less than 70 out of 100 sure about what this bill says. That is too little to even ask about, so this one is saved for you to finish. That is the ₹4,200.00 bill from Sharma Traders."
tests/test_idempotency.py::test_two_previews_in_a_row_reverse_nothing_between_them,B_CAGE_FALSE_BLOCK,"blocked on period_open=None which pipeline.run hardcodes though period.py can read it, AND on a party with history that is not in the chart of accounts, AND on laws a typed sentence cannot satisfy",yes,typed_text,,Sharma Traders,420000,,,0,False,None,False,INDETERMINATE,INDETERMINATE,PASS,"There is something on this bill I could not check at all. Not checked is not the same as checked and fine, so nothing was posted. | I could not tell whether the books for this date are still open, so nothing was posted. | I have never seen Sharma Traders in your books. I will never add a new name to your books on my own, so this one is saved for you to finish. | I am less than 70 out of 100 sure about what this bill says. That is too little to even ask about, so this one is saved for you to finish. That is the ₹4,200.00 bill from Sharma Traders."
tests/test_idempotency.py::test_an_operation_id_that_was_reversed_is_never_written_again,B_CAGE_FALSE_BLOCK,"blocked on period_open=None which pipeline.run hardcodes though period.py can read it, AND on a party with history that is not in the chart of accounts, AND on laws a typed sentence cannot satisfy",yes,typed_text,,Sharma Traders,420000,,,0,False,None,False,INDETERMINATE,INDETERMINATE,PASS,"There is something on this bill I could not check at all. Not checked is not the same as checked and fine, so nothing was posted. | I could not tell whether the books for this date are still open, so nothing was posted. | I have never seen Sharma Traders in your books. I will never add a new name to your books on my own, so this one is saved for you to finish. | I am less than 70 out of 100 sure about what this bill says. That is too little to even ask about, so this one is saved for you to finish. That is the ₹4,200.00 bill from Sharma Traders."
tests/test_idempotency.py::test_a_reversal_marks_the_identity_spent_rather_than_freeing_it,B_CAGE_FALSE_BLOCK,"blocked on period_open=None which pipeline.run hardcodes though period.py can read it, AND on a party with history that is not in the chart of accounts, AND on laws a typed sentence cannot satisfy",yes,typed_text,,Sharma Traders,420000,,,0,False,None,False,INDETERMINATE,INDETERMINATE,PASS,"There is something on this bill I could not check at all. Not checked is not the same as checked and fine, so nothing was posted. | I could not tell whether the books for this date are still open, so nothing was posted. | I have never seen Sharma Traders in your books. I will never add a new name to your books on my own, so this one is saved for you to finish. | I am less than 70 out of 100 sure about what this bill says. That is too little to even ask about, so this one is saved for you to finish. That is the ₹4,200.00 bill from Sharma Traders."
tests/test_idempotency.py::test_a_refused_replay_writes_no_write_attempted_row,B_CAGE_FALSE_BLOCK,"blocked on period_open=None which pipeline.run hardcodes though period.py can read it, AND on a party with history that is not in the chart of accounts, AND on laws a typed sentence cannot satisfy",yes,typed_text,,Sharma Traders,420000,,,0,False,None,False,INDETERMINATE,INDETERMINATE,PASS,"There is something on this bill I could not check at all. Not checked is not the same as checked and fine, so nothing was posted. | I could not tell whether the books for this date are still open, so nothing was posted. | I have never seen Sharma Traders in your books. I will never add a new name to your books on my own, so this one is saved for you to finish. | I am less than 70 out of 100 sure about what this bill says. That is too little to even ask about, so this one is saved for you to finish. That is the ₹4,200.00 bill from Sharma Traders."
tests/test_idempotency.py::test_a_reversed_then_replayed_entry_is_refused_in_the_browser,B_CAGE_FALSE_BLOCK,"blocked on period_open=None which pipeline.run hardcodes though period.py can read it, AND on a party with history that is not in the chart of accounts, AND on laws a typed sentence cannot satisfy",yes,typed_text,,Gupta Hardware,150000,,,0,False,None,False,INDETERMINATE,INDETERMINATE,PASS,"There is something on this bill I could not check at all. Not checked is not the same as checked and fine, so nothing was posted. | I could not tell whether the books for this date are still open, so nothing was posted. | I have never seen Gupta Hardware in your books. I will never add a new name to your books on my own, so this one is saved for you to finish. | I am less than 70 out of 100 sure about what this bill says. That is too little to even ask about, so this one is saved for you to finish. That is the ₹1,500.00 bill from Gupta Hardware."
tests/test_idempotency.py::test_a_duplicate_refusal_is_never_recorded_as_an_unknown_outcome,B_CAGE_FALSE_BLOCK,"blocked on period_open=None which pipeline.run hardcodes though period.py can read it, AND on a party with history that is not in the chart of accounts, AND on laws a typed sentence cannot satisfy",yes,typed_text,,Sharma Traders,420000,,,0,False,None,False,INDETERMINATE,INDETERMINATE,PASS,"There is something on this bill I could not check at all. Not checked is not the same as checked and fine, so nothing was posted. | I could not tell whether the books for this date are still open, so nothing was posted. | I have never seen Sharma Traders in your books. I will never add a new name to your books on my own, so this one is saved for you to finish. | I am less than 70 out of 100 sure about what this bill says. That is too little to even ask about, so this one is saved for you to finish. That is the ₹4,200.00 bill from Sharma Traders."
tests/test_idempotency.py::test_the_duplicate_row_says_the_older_voucher_is_the_real_one,B_CAGE_FALSE_BLOCK,"blocked on period_open=None which pipeline.run hardcodes though period.py can read it, AND on a party with history that is not in the chart of accounts, AND on laws a typed sentence cannot satisfy",yes,typed_text,,Sharma Traders,420000,,,0,False,None,False,INDETERMINATE,INDETERMINATE,PASS,"There is something on this bill I could not check at all. Not checked is not the same as checked and fine, so nothing was posted. | I could not tell whether the books for this date are still open, so nothing was posted. | I have never seen Sharma Traders in your books. I will never add a new name to your books on my own, so this one is saved for you to finish. | I am less than 70 out of 100 sure about what this bill says. That is too little to even ask about, so this one is saved for you to finish. That is the ₹4,200.00 bill from Sharma Traders."
tests/test_idempotency.py::test_a_marker_on_two_vouchers_refuses_every_path_and_deletes_neither,B_CAGE_FALSE_BLOCK,"blocked on period_open=None which pipeline.run hardcodes though period.py can read it, AND on a party with history that is not in the chart of accounts, AND on laws a typed sentence cannot satisfy",yes,typed_text,,Sharma Traders,420000,,,0,False,None,False,INDETERMINATE,INDETERMINATE,PASS,"There is something on this bill I could not check at all. Not checked is not the same as checked and fine, so nothing was posted. | I could not tell whether the books for this date are still open, so nothing was posted. | I have never seen Sharma Traders in your books. I will never add a new name to your books on my own, so this one is saved for you to finish. | I am less than 70 out of 100 sure about what this bill says. That is too little to even ask about, so this one is saved for you to finish. That is the ₹4,200.00 bill from Sharma Traders."
tests/test_idempotency.py::test_a_bulk_reversal_over_an_ambiguous_marker_reverses_nothing,B_CAGE_FALSE_BLOCK,"blocked on period_open=None which pipeline.run hardcodes though period.py can read it, AND on a party with history that is not in the chart of accounts, AND on laws a typed sentence cannot satisfy",yes,typed_text,,Sharma Traders,420000,,,0,False,None,False,INDETERMINATE,INDETERMINATE,PASS,"There is something on this bill I could not check at all. Not checked is not the same as checked and fine, so nothing was posted. | I could not tell whether the books for this date are still open, so nothing was posted. | I have never seen Sharma Traders in your books. I will never add a new name to your books on my own, so this one is saved for you to finish. | I am less than 70 out of 100 sure about what this bill says. That is too little to even ask about, so this one is saved for you to finish. That is the ₹4,200.00 bill from Sharma Traders."
tests/test_idempotency.py::test_evaluating_a_draft_repeatedly_never_mints_a_second_identity,B_CAGE_FALSE_BLOCK,"blocked on period_open=None which pipeline.run hardcodes though period.py can read it, AND on a party with history that is not in the chart of accounts, AND on laws a typed sentence cannot satisfy",yes,typed_text,,Sharma Traders,420000,,,0,False,None,False,INDETERMINATE,INDETERMINATE,PASS,"There is something on this bill I could not check at all. Not checked is not the same as checked and fine, so nothing was posted. | I could not tell whether the books for this date are still open, so nothing was posted. | I have never seen Sharma Traders in your books. I will never add a new name to your books on my own, so this one is saved for you to finish. | I am less than 70 out of 100 sure about what this bill says. That is too little to even ask about, so this one is saved for you to finish. That is the ₹4,200.00 bill from Sharma Traders."
tests/test_idempotency.py::test_two_drafts_of_the_same_text_never_share_an_identity,B_CAGE_FALSE_BLOCK,"blocked on period_open=None which pipeline.run hardcodes though period.py can read it, AND on a party with history that is not in the chart of accounts, AND on laws a typed sentence cannot satisfy",yes,typed_text,,Sharma Traders,420000,,,0,False,None,False,INDETERMINATE,INDETERMINATE,PASS,"There is something on this bill I could not check at all. Not checked is not the same as checked and fine, so nothing was posted. | I could not tell whether the books for this date are still open, so nothing was posted. | I have never seen Sharma Traders in your books. I will never add a new name to your books on my own, so this one is saved for you to finish. | I am less than 70 out of 100 sure about what this bill says. That is too little to even ask about, so this one is saved for you to finish. That is the ₹4,200.00 bill from Sharma Traders."
tests/test_idempotency.py::test_a_voucher_we_did_not_write_is_never_swept_up_by_a_replay,B_CAGE_FALSE_BLOCK,"blocked on period_open=None which pipeline.run hardcodes though period.py can read it, AND on a party with history that is not in the chart of accounts, AND on laws a typed sentence cannot satisfy",yes,typed_text,,Sharma Traders,420000,,,0,False,None,False,INDETERMINATE,INDETERMINATE,PASS,"There is something on this bill I could not check at all. Not checked is not the same as checked and fine, so nothing was posted. | I could not tell whether the books for this date are still open, so nothing was posted. | I have never seen Sharma Traders in your books. I will never add a new name to your books on my own, so this one is saved for you to finish. | I am less than 70 out of 100 sure about what this bill says. That is too little to even ask about, so this one is saved for you to finish. That is the ₹4,200.00 bill from Sharma Traders."
tests/test_ledger_placement.py::test_a_refused_placement_is_recorded_by_the_existing_write_ahead_row,B_CAGE_FALSE_BLOCK,"blocked on period_open=None which pipeline.run hardcodes though period.py can read it, AND on a party with history that is not in the chart of accounts, AND on laws a typed sentence cannot satisfy",yes,typed_text,,Sharma Traders,420000,,,0,False,None,False,INDETERMINATE,INDETERMINATE,PASS,"There is something on this bill I could not check at all. Not checked is not the same as checked and fine, so nothing was posted. | I could not tell whether the books for this date are still open, so nothing was posted. | I have never seen Sharma Traders in your books. I will never add a new name to your books on my own, so this one is saved for you to finish. | I am less than 70 out of 100 sure about what this bill says. That is too little to even ask about, so this one is saved for you to finish. That is the ₹4,200.00 bill from Sharma Traders."
tests/test_lifecycle.py::test_a_reversal_reports_the_exact_paise_that_moved_back,B_CAGE_FALSE_BLOCK,"blocked on period_open=None which pipeline.run hardcodes though period.py can read it, AND on a party with history that is not in the chart of accounts, AND on laws a typed sentence cannot satisfy",yes,typed_text,,Sharma Traders,420000,,,0,False,None,False,INDETERMINATE,INDETERMINATE,PASS,"There is something on this bill I could not check at all. Not checked is not the same as checked and fine, so nothing was posted. | I could not tell whether the books for this date are still open, so nothing was posted. | I have never seen Sharma Traders in your books. I will never add a new name to your books on my own, so this one is saved for you to finish. | I am less than 70 out of 100 sure about what this bill says. That is too little to even ask about, so this one is saved for you to finish. That is the ₹4,200.00 bill from Sharma Traders."
tests/test_lifecycle.py::test_a_reversal_that_says_yes_and_moves_nothing_is_refused,B_CAGE_FALSE_BLOCK,"blocked on period_open=None which pipeline.run hardcodes though period.py can read it, AND on a party with history that is not in the chart of accounts, AND on laws a typed sentence cannot satisfy",yes,typed_text,,Sharma Traders,420000,,,0,False,None,False,INDETERMINATE,INDETERMINATE,PASS,"There is something on this bill I could not check at all. Not checked is not the same as checked and fine, so nothing was posted. | I could not tell whether the books for this date are still open, so nothing was posted. | I have never seen Sharma Traders in your books. I will never add a new name to your books on my own, so this one is saved for you to finish. | I am less than 70 out of 100 sure about what this bill says. That is too little to even ask about, so this one is saved for you to finish. That is the ₹4,200.00 bill from Sharma Traders."
tests/test_lifecycle.py::test_a_reversal_that_moves_the_wrong_amount_is_refused_and_names_both,B_CAGE_FALSE_BLOCK,"blocked on period_open=None which pipeline.run hardcodes though period.py can read it, AND on a party with history that is not in the chart of accounts, AND on laws a typed sentence cannot satisfy",yes,typed_text,,Sharma Traders,420000,,,0,False,None,False,INDETERMINATE,INDETERMINATE,PASS,"There is something on this bill I could not check at all. Not checked is not the same as checked and fine, so nothing was posted. | I could not tell whether the books for this date are still open, so nothing was posted. | I have never seen Sharma Traders in your books. I will never add a new name to your books on my own, so this one is saved for you to finish. | I am less than 70 out of 100 sure about what this bill says. That is too little to even ask about, so this one is saved for you to finish. That is the ₹4,200.00 bill from Sharma Traders."
tests/test_lifecycle.py::test_the_draft_level_reverse_goes_through_the_same_doorway,B_CAGE_FALSE_BLOCK,"blocked on period_open=None which pipeline.run hardcodes though period.py can read it, AND on a party with history that is not in the chart of accounts, AND on laws a typed sentence cannot satisfy",yes,typed_text,,Sharma Traders,420000,,,0,False,None,False,INDETERMINATE,INDETERMINATE,PASS,"There is something on this bill I could not check at all. Not checked is not the same as checked and fine, so nothing was posted. | I could not tell whether the books for this date are still open, so nothing was posted. | I have never seen Sharma Traders in your books. I will never add a new name to your books on my own, so this one is saved for you to finish. | I am less than 70 out of 100 sure about what this bill says. That is too little to even ask about, so this one is saved for you to finish. That is the ₹4,200.00 bill from Sharma Traders."
tests/test_no_reader.py::test_no_module_outside_the_allow_list_names_the_work_of_reading,D_TEST_INVALID_OR_INCOMPLETE,the test failed without ever reaching the cage - it is not a cage question,no,,,,,,,,,None,,,,,
tests/test_observability.py::test_a_reversal_is_counted_from_the_row_the_undo_button_writes,B_CAGE_FALSE_BLOCK,"blocked on period_open=None which pipeline.run hardcodes though period.py can read it, AND on a party with history that is not in the chart of accounts, AND on laws a typed sentence cannot satisfy",yes,typed_text,,Gupta Hardware,150000,,,0,False,None,False,INDETERMINATE,INDETERMINATE,PASS,"There is something on this bill I could not check at all. Not checked is not the same as checked and fine, so nothing was posted. | I could not tell whether the books for this date are still open, so nothing was posted. | I have never seen Gupta Hardware in your books. I will never add a new name to your books on my own, so this one is saved for you to finish. | I am less than 70 out of 100 sure about what this bill says. That is too little to even ask about, so this one is saved for you to finish. That is the ₹1,500.00 bill from Gupta Hardware."
tests/test_observability.py::test_a_durable_audit_row_can_be_joined_to_the_log_lines_that_made_it,B_CAGE_FALSE_BLOCK,"blocked on period_open=None which pipeline.run hardcodes though period.py can read it, AND on a party with history that is not in the chart of accounts, AND on laws a typed sentence cannot satisfy",yes,typed_text,,Gupta Hardware,150000,,,0,False,None,False,INDETERMINATE,INDETERMINATE,PASS,"There is something on this bill I could not check at all. Not checked is not the same as checked and fine, so nothing was posted. | I could not tell whether the books for this date are still open, so nothing was posted. | I have never seen Gupta Hardware in your books. I will never add a new name to your books on my own, so this one is saved for you to finish. | I am less than 70 out of 100 sure about what this bill says. That is too little to even ask about, so this one is saved for you to finish. That is the ₹1,500.00 bill from Gupta Hardware."
tests/test_observability.py::test_a_measured_zero_is_still_written_as_zero,B_CAGE_FALSE_BLOCK,"blocked on period_open=None which pipeline.run hardcodes though period.py can read it, AND on a party with history that is not in the chart of accounts, AND on laws a typed sentence cannot satisfy",yes,typed_text,,Gupta Hardware,150000,,,0,False,None,False,INDETERMINATE,INDETERMINATE,PASS,"There is something on this bill I could not check at all. Not checked is not the same as checked and fine, so nothing was posted. | I could not tell whether the books for this date are still open, so nothing was posted. | I have never seen Gupta Hardware in your books. I will never add a new name to your books on my own, so this one is saved for you to finish. | I am less than 70 out of 100 sure about what this bill says. That is too little to even ask about, so this one is saved for you to finish. That is the ₹1,500.00 bill from Gupta Hardware."
tests/test_observability.py::test_a_refused_replay_is_counted_now_that_it_has_a_row_of_its_own,B_CAGE_FALSE_BLOCK,"blocked on period_open=None which pipeline.run hardcodes though period.py can read it, AND on a party with history that is not in the chart of accounts, AND on laws a typed sentence cannot satisfy",yes,typed_text,,Gupta Hardware,150000,,,0,False,None,False,INDETERMINATE,INDETERMINATE,PASS,"There is something on this bill I could not check at all. Not checked is not the same as checked and fine, so nothing was posted. | I could not tell whether the books for this date are still open, so nothing was posted. | I have never seen Gupta Hardware in your books. I will never add a new name to your books on my own, so this one is saved for you to finish. | I am less than 70 out of 100 sure about what this bill says. That is too little to even ask about, so this one is saved for you to finish. That is the ₹1,500.00 bill from Gupta Hardware."
tests/test_operation_identity.py::test_one_operation_id_reaches_the_draft_decision_narration_log_and_reversal,B_CAGE_FALSE_BLOCK,"blocked on period_open=None which pipeline.run hardcodes though period.py can read it, AND on a party with history that is not in the chart of accounts, AND on laws a typed sentence cannot satisfy",yes,typed_text,,Sharma Traders,420000,,,0,False,None,False,INDETERMINATE,INDETERMINATE,PASS,"There is something on this bill I could not check at all. Not checked is not the same as checked and fine, so nothing was posted. | I could not tell whether the books for this date are still open, so nothing was posted. | I have never seen Sharma Traders in your books. I will never add a new name to your books on my own, so this one is saved for you to finish. | I am less than 70 out of 100 sure about what this bill says. That is too little to even ask about, so this one is saved for you to finish. That is the ₹4,200.00 bill from Sharma Traders."
tests/test_operation_identity.py::test_a_decision_carrying_no_operation_id_cannot_authorise_a_write,B_CAGE_FALSE_BLOCK,"blocked on period_open=None which pipeline.run hardcodes though period.py can read it, AND on a party with history that is not in the chart of accounts, AND on laws a typed sentence cannot satisfy",yes,typed_text,,Sharma Traders,420000,,,0,False,None,False,INDETERMINATE,INDETERMINATE,PASS,"There is something on this bill I could not check at all. Not checked is not the same as checked and fine, so nothing was posted. | I could not tell whether the books for this date are still open, so nothing was posted. | I have never seen Sharma Traders in your books. I will never add a new name to your books on my own, so this one is saved for you to finish. | I am less than 70 out of 100 sure about what this bill says. That is too little to even ask about, so this one is saved for you to finish. That is the ₹4,200.00 bill from Sharma Traders."
tests/test_operation_identity.py::test_a_decision_that_authorised_a_different_operation_is_refused,B_CAGE_FALSE_BLOCK,"blocked on period_open=None which pipeline.run hardcodes though period.py can read it, AND on a party with history that is not in the chart of accounts, AND on laws a typed sentence cannot satisfy",yes,typed_text,,Sharma Traders,420000,,,0,False,None,False,INDETERMINATE,INDETERMINATE,PASS,"There is something on this bill I could not check at all. Not checked is not the same as checked and fine, so nothing was posted. | I could not tell whether the books for this date are still open, so nothing was posted. | I have never seen Sharma Traders in your books. I will never add a new name to your books on my own, so this one is saved for you to finish. | I am less than 70 out of 100 sure about what this bill says. That is too little to even ask about, so this one is saved for you to finish. That is the ₹4,200.00 bill from Sharma Traders."
tests/test_operation_identity.py::test_the_refusal_names_both_ids_so_a_person_can_reconcile,B_CAGE_FALSE_BLOCK,"blocked on period_open=None which pipeline.run hardcodes though period.py can read it, AND on a party with history that is not in the chart of accounts, AND on laws a typed sentence cannot satisfy",yes,typed_text,,Sharma Traders,420000,,,0,False,None,False,INDETERMINATE,INDETERMINATE,PASS,"There is something on this bill I could not check at all. Not checked is not the same as checked and fine, so nothing was posted. | I could not tell whether the books for this date are still open, so nothing was posted. | I have never seen Sharma Traders in your books. I will never add a new name to your books on my own, so this one is saved for you to finish. | I am less than 70 out of 100 sure about what this bill says. That is too little to even ask about, so this one is saved for you to finish. That is the ₹4,200.00 bill from Sharma Traders."
tests/test_phase4_exits.py::test_re_evaluating_an_answered_draft_runs_the_whole_order_again,B_CAGE_FALSE_BLOCK,"blocked on period_open=None which pipeline.run hardcodes though period.py can read it, AND on a party with history that is not in the chart of accounts, AND on laws a typed sentence cannot satisfy",yes,typed_text,,Gupta Hardware,150000,,,0,False,None,False,INDETERMINATE,INDETERMINATE,PASS,"There is something on this bill I could not check at all. Not checked is not the same as checked and fine, so nothing was posted. | I could not tell whether the books for this date are still open, so nothing was posted. | I have never seen Gupta Hardware in your books. I will never add a new name to your books on my own, so this one is saved for you to finish. | I am less than 70 out of 100 sure about what this bill says. That is too little to even ask about, so this one is saved for you to finish. That is the ₹1,500.00 bill from Gupta Hardware."
tests/test_phase6_exits.py::test_a_book_with_no_anomaly_produces_no_flag_and_no_dismissal_row,B_CAGE_FALSE_BLOCK,"blocked on period_open=None which pipeline.run hardcodes though period.py can read it, AND on a party with history that is not in the chart of accounts, AND on laws a typed sentence cannot satisfy",yes,typed_text,,Kumar Stationers,420000,,,0,False,None,False,INDETERMINATE,INDETERMINATE,PASS,"There is something on this bill I could not check at all. Not checked is not the same as checked and fine, so nothing was posted. | I could not tell whether the books for this date are still open, so nothing was posted. | I have never seen Kumar Stationers in your books. I will never add a new name to your books on my own, so this one is saved for you to finish. | I am less than 70 out of 100 sure about what this bill says. That is too little to even ask about, so this one is saved for you to finish. That is the ₹4,200.00 bill from Kumar Stationers."
tests/test_pipeline.py::test_known_vendor_posts_without_asking,B_CAGE_FALSE_BLOCK,"blocked on period_open=None which pipeline.run hardcodes though period.py can read it, AND on a party with history that is not in the chart of accounts, AND on laws a typed sentence cannot satisfy",yes,typed_text,,Sharma Traders,420000,,,0,False,None,False,INDETERMINATE,INDETERMINATE,PASS,"There is something on this bill I could not check at all. Not checked is not the same as checked and fine, so nothing was posted. | I could not tell whether the books for this date are still open, so nothing was posted. | I have never seen Sharma Traders in your books. I will never add a new name to your books on my own, so this one is saved for you to finish. | I am less than 70 out of 100 sure about what this bill says. That is too little to even ask about, so this one is saved for you to finish. That is the ₹4,200.00 bill from Sharma Traders."
tests/test_pipeline.py::test_posted_voucher_is_readable_back_from_tally,B_CAGE_FALSE_BLOCK,"blocked on period_open=None which pipeline.run hardcodes though period.py can read it, AND on a party with history that is not in the chart of accounts, AND on laws a typed sentence cannot satisfy",yes,typed_text,,Sharma Traders,420000,,,0,False,None,False,INDETERMINATE,INDETERMINATE,PASS,"There is something on this bill I could not check at all. Not checked is not the same as checked and fine, so nothing was posted. | I could not tell whether the books for this date are still open, so nothing was posted. | I have never seen Sharma Traders in your books. I will never add a new name to your books on my own, so this one is saved for you to finish. | I am less than 70 out of 100 sure about what this bill says. That is too little to even ask about, so this one is saved for you to finish. That is the ₹4,200.00 bill from Sharma Traders."
tests/test_pipeline.py::test_reverse_restores_the_exact_trial_balance,B_CAGE_FALSE_BLOCK,"blocked on period_open=None which pipeline.run hardcodes though period.py can read it, AND on a party with history that is not in the chart of accounts, AND on laws a typed sentence cannot satisfy",yes,typed_text,,Sharma Traders,420000,,,0,False,None,False,INDETERMINATE,INDETERMINATE,PASS,"There is something on this bill I could not check at all. Not checked is not the same as checked and fine, so nothing was posted. | I could not tell whether the books for this date are still open, so nothing was posted. | I have never seen Sharma Traders in your books. I will never add a new name to your books on my own, so this one is saved for you to finish. | I am less than 70 out of 100 sure about what this bill says. That is too little to even ask about, so this one is saved for you to finish. That is the ₹4,200.00 bill from Sharma Traders."
tests/test_pipeline.py::test_answering_then_re_evaluating_posts,B_CAGE_FALSE_BLOCK,"blocked on period_open=None which pipeline.run hardcodes though period.py can read it, AND on a party with history that is not in the chart of accounts, AND on laws a typed sentence cannot satisfy",yes,typed_text,,Verma Cement,90000,,,0,False,None,False,INDETERMINATE,INDETERMINATE,PASS,"There is something on this bill I could not check at all. Not checked is not the same as checked and fine, so nothing was posted. | I could not tell whether the books for this date are still open, so nothing was posted. | I have never seen Verma Cement in your books. I will never add a new name to your books on my own, so this one is saved for you to finish. | I am less than 70 out of 100 sure about what this bill says. That is too little to even ask about, so this one is saved for you to finish. That is the ₹900.00 bill from Verma Cement."
tests/test_pipeline.py::test_a_write_that_cannot_be_read_back_raises_and_never_records_a_tally_id,B_CAGE_FALSE_BLOCK,"blocked on period_open=None which pipeline.run hardcodes though period.py can read it, AND on a party with history that is not in the chart of accounts, AND on laws a typed sentence cannot satisfy",yes,typed_text,,Sharma Traders,420000,,,0,False,None,False,INDETERMINATE,INDETERMINATE,PASS,"There is something on this bill I could not check at all. Not checked is not the same as checked and fine, so nothing was posted. | I could not tell whether the books for this date are still open, so nothing was posted. | I have never seen Sharma Traders in your books. I will never add a new name to your books on my own, so this one is saved for you to finish. | I am less than 70 out of 100 sure about what this bill says. That is too little to even ask about, so this one is saved for you to finish. That is the ₹4,200.00 bill from Sharma Traders."
tests/test_pipeline.py::test_stub_extractor_drives_the_same_pipeline,B_CAGE_FALSE_BLOCK,"blocked on period_open=None which pipeline.run hardcodes though period.py can read it, AND on a party with history that is not in the chart of accounts, AND on laws a typed sentence cannot satisfy",yes,stub,2026-08-07,Sharma Traders,420000,,,0,False,None,False,INDETERMINATE,INDETERMINATE,PASS,"There is something on this bill I could not check at all. Not checked is not the same as checked and fine, so nothing was posted. | I could not tell whether the books for this date are still open, so nothing was posted. | I have never seen Sharma Traders in your books. I will never add a new name to your books on my own, so this one is saved for you to finish."
tests/test_pipeline.py::test_swapping_the_backend_changes_no_pipeline_code,B_CAGE_FALSE_BLOCK,"blocked on period_open=None which pipeline.run hardcodes though period.py can read it, AND on a party with history that is not in the chart of accounts, AND on laws a typed sentence cannot satisfy",yes,typed_text,,Sharma Traders,420000,,,0,False,None,False,INDETERMINATE,INDETERMINATE,PASS,"There is something on this bill I could not check at all. Not checked is not the same as checked and fine, so nothing was posted. | I could not tell whether the books for this date are still open, so nothing was posted. | I have never seen Sharma Traders in your books. I will never add a new name to your books on my own, so this one is saved for you to finish. | I am less than 70 out of 100 sure about what this bill says. That is too little to even ask about, so this one is saved for you to finish. That is the ₹4,200.00 bill from Sharma Traders."
tests/test_pipeline.py::test_spelling_variants_of_one_vendor_are_the_same_vendor,B_CAGE_FALSE_BLOCK,"blocked on period_open=None which pipeline.run hardcodes though period.py can read it, AND on a party with history that is not in the chart of accounts, AND on laws a typed sentence cannot satisfy",yes,typed_text,,M/s Sharma Traders,420000,,,0,False,None,False,INDETERMINATE,INDETERMINATE,PASS,"There is something on this bill I could not check at all. Not checked is not the same as checked and fine, so nothing was posted. | I could not tell whether the books for this date are still open, so nothing was posted. | I have never seen M/s Sharma Traders in your books. I will never add a new name to your books on my own, so this one is saved for you to finish. | I am less than 70 out of 100 sure about what this bill says. That is too little to even ask about, so this one is saved for you to finish. That is the ₹4,200.00 bill from M/s Sharma Traders."
tests/test_pipeline_isolation.py::test_one_vendor_name_two_companies_two_accounts_and_neither_is_conflicted,B_CAGE_FALSE_BLOCK,"blocked on period_open=None which pipeline.run hardcodes though period.py can read it, AND on a party with history that is not in the chart of accounts, AND on laws a typed sentence cannot satisfy",yes,typed_text,,Sharma Traders,420000,,,0,False,None,False,INDETERMINATE,INDETERMINATE,PASS,"There is something on this bill I could not check at all. Not checked is not the same as checked and fine, so nothing was posted. | I could not tell whether the books for this date are still open, so nothing was posted. | I have never seen Sharma Traders in your books. I will never add a new name to your books on my own, so this one is saved for you to finish. | I am less than 70 out of 100 sure about what this bill says. That is too little to even ask about, so this one is saved for you to finish. That is the ₹4,200.00 bill from Sharma Traders."
tests/test_pipeline_isolation.py::test_a_correction_recorded_on_one_company_leaves_the_other_unchanged,B_CAGE_FALSE_BLOCK,"blocked on period_open=None which pipeline.run hardcodes though period.py can read it, AND on a party with history that is not in the chart of accounts, AND on laws a typed sentence cannot satisfy",yes,typed_text,,Verma Cement,90000,,,0,False,None,False,INDETERMINATE,INDETERMINATE,PASS,"There is something on this bill I could not check at all. Not checked is not the same as checked and fine, so nothing was posted. | I could not tell whether the books for this date are still open, so nothing was posted. | I have never seen Verma Cement in your books. I will never add a new name to your books on my own, so this one is saved for you to finish. | I am less than 70 out of 100 sure about what this bill says. That is too little to even ask about, so this one is saved for you to finish. That is the ₹900.00 bill from Verma Cement."
tests/test_pipeline_isolation.py::test_opening_the_next_company_stops_the_previous_ones_mapping_answering,B_CAGE_FALSE_BLOCK,"blocked on period_open=None which pipeline.run hardcodes though period.py can read it, AND on a party with history that is not in the chart of accounts, AND on laws a typed sentence cannot satisfy",yes,typed_text,,Sharma Traders,420000,,,0,False,None,False,INDETERMINATE,INDETERMINATE,PASS,"There is something on this bill I could not check at all. Not checked is not the same as checked and fine, so nothing was posted. | I could not tell whether the books for this date are still open, so nothing was posted. | I have never seen Sharma Traders in your books. I will never add a new name to your books on my own, so this one is saved for you to finish. | I am less than 70 out of 100 sure about what this bill says. That is too little to even ask about, so this one is saved for you to finish. That is the ₹4,200.00 bill from Sharma Traders."
tests/test_reversal_guard.py::test_a_colleague_cannot_confirm_a_batch_they_were_never_shown,B_CAGE_FALSE_BLOCK,"blocked on period_open=None which pipeline.run hardcodes though period.py can read it, AND on a party with history that is not in the chart of accounts, AND on laws a typed sentence cannot satisfy",yes,typed_text,,Gupta Hardware,150000,,,0,False,None,False,INDETERMINATE,INDETERMINATE,PASS,"There is something on this bill I could not check at all. Not checked is not the same as checked and fine, so nothing was posted. | I could not tell whether the books for this date are still open, so nothing was posted. | I have never seen Gupta Hardware in your books. I will never add a new name to your books on my own, so this one is saved for you to finish. | I am less than 70 out of 100 sure about what this bill says. That is too little to even ask about, so this one is saved for you to finish. That is the ₹1,500.00 bill from Gupta Hardware."
tests/test_reversal_guard.py::test_the_person_who_previewed_can_still_confirm,B_CAGE_FALSE_BLOCK,"blocked on period_open=None which pipeline.run hardcodes though period.py can read it, AND on a party with history that is not in the chart of accounts, AND on laws a typed sentence cannot satisfy",yes,typed_text,,Gupta Hardware,150000,,,0,False,None,False,INDETERMINATE,INDETERMINATE,PASS,"There is something on this bill I could not check at all. Not checked is not the same as checked and fine, so nothing was posted. | I could not tell whether the books for this date are still open, so nothing was posted. | I have never seen Gupta Hardware in your books. I will never add a new name to your books on my own, so this one is saved for you to finish. | I am less than 70 out of 100 sure about what this bill says. That is too little to even ask about, so this one is saved for you to finish. That is the ₹1,500.00 bill from Gupta Hardware."
tests/test_reversal_guard.py::test_a_confirmation_with_no_preview_at_all_still_reverses_nothing,B_CAGE_FALSE_BLOCK,"blocked on period_open=None which pipeline.run hardcodes though period.py can read it, AND on a party with history that is not in the chart of accounts, AND on laws a typed sentence cannot satisfy",yes,typed_text,,Gupta Hardware,150000,,,0,False,None,False,INDETERMINATE,INDETERMINATE,PASS,"There is something on this bill I could not check at all. Not checked is not the same as checked and fine, so nothing was posted. | I could not tell whether the books for this date are still open, so nothing was posted. | I have never seen Gupta Hardware in your books. I will never add a new name to your books on my own, so this one is saved for you to finish. | I am less than 70 out of 100 sure about what this bill says. That is too little to even ask about, so this one is saved for you to finish. That is the ₹1,500.00 bill from Gupta Hardware."
tests/test_reversal_guard.py::test_the_preview_itself_reverses_nothing,B_CAGE_FALSE_BLOCK,"blocked on period_open=None which pipeline.run hardcodes though period.py can read it, AND on a party with history that is not in the chart of accounts, AND on laws a typed sentence cannot satisfy",yes,typed_text,,Gupta Hardware,150000,,,0,False,None,False,INDETERMINATE,INDETERMINATE,PASS,"There is something on this bill I could not check at all. Not checked is not the same as checked and fine, so nothing was posted. | I could not tell whether the books for this date are still open, so nothing was posted. | I have never seen Gupta Hardware in your books. I will never add a new name to your books on my own, so this one is saved for you to finish. | I am less than 70 out of 100 sure about what this bill says. That is too little to even ask about, so this one is saved for you to finish. That is the ₹1,500.00 bill from Gupta Hardware."
tests/test_reversal_guard.py::test_reversing_an_operation_id_we_never_wrote_changes_nothing,B_CAGE_FALSE_BLOCK,"blocked on period_open=None which pipeline.run hardcodes though period.py can read it, AND on a party with history that is not in the chart of accounts, AND on laws a typed sentence cannot satisfy",yes,typed_text,,Gupta Hardware,150000,,,0,False,None,False,INDETERMINATE,INDETERMINATE,PASS,"There is something on this bill I could not check at all. Not checked is not the same as checked and fine, so nothing was posted. | I could not tell whether the books for this date are still open, so nothing was posted. | I have never seen Gupta Hardware in your books. I will never add a new name to your books on my own, so this one is saved for you to finish. | I am less than 70 out of 100 sure about what this bill says. That is too little to even ask about, so this one is saved for you to finish. That is the ₹1,500.00 bill from Gupta Hardware."
tests/test_reversal_guard.py::test_reversing_our_own_voucher_returns_the_books_to_the_paise,B_CAGE_FALSE_BLOCK,"blocked on period_open=None which pipeline.run hardcodes though period.py can read it, AND on a party with history that is not in the chart of accounts, AND on laws a typed sentence cannot satisfy",yes,typed_text,,Gupta Hardware,150000,,,0,False,None,False,INDETERMINATE,INDETERMINATE,PASS,"There is something on this bill I could not check at all. Not checked is not the same as checked and fine, so nothing was posted. | I could not tell whether the books for this date are still open, so nothing was posted. | I have never seen Gupta Hardware in your books. I will never add a new name to your books on my own, so this one is saved for you to finish. | I am less than 70 out of 100 sure about what this bill says. That is too little to even ask about, so this one is saved for you to finish. That is the ₹1,500.00 bill from Gupta Hardware."
tests/test_reversal_guard.py::test_a_bulk_reversal_row_names_the_person_who_confirmed_it,B_CAGE_FALSE_BLOCK,"blocked on period_open=None which pipeline.run hardcodes though period.py can read it, AND on a party with history that is not in the chart of accounts, AND on laws a typed sentence cannot satisfy",yes,typed_text,,Gupta Hardware,150000,,,0,False,None,False,INDETERMINATE,INDETERMINATE,PASS,"There is something on this bill I could not check at all. Not checked is not the same as checked and fine, so nothing was posted. | I could not tell whether the books for this date are still open, so nothing was posted. | I have never seen Gupta Hardware in your books. I will never add a new name to your books on my own, so this one is saved for you to finish. | I am less than 70 out of 100 sure about what this bill says. That is too little to even ask about, so this one is saved for you to finish. That is the ₹1,500.00 bill from Gupta Hardware."
tests/test_reversal_recovery.py::test_the_web_single_undo_refuses_when_the_backup_record_is_gone,B_CAGE_FALSE_BLOCK,"blocked on period_open=None which pipeline.run hardcodes though period.py can read it, AND on a party with history that is not in the chart of accounts, AND on laws a typed sentence cannot satisfy",yes,typed_text,,Sharma Traders,420000,,,0,False,None,False,INDETERMINATE,INDETERMINATE,PASS,"There is something on this bill I could not check at all. Not checked is not the same as checked and fine, so nothing was posted. | I could not tell whether the books for this date are still open, so nothing was posted. | I have never seen Sharma Traders in your books. I will never add a new name to your books on my own, so this one is saved for you to finish. | I am less than 70 out of 100 sure about what this bill says. That is too little to even ask about, so this one is saved for you to finish. That is the ₹4,200.00 bill from Sharma Traders."
tests/test_reversal_recovery.py::test_the_web_undo_everything_preview_refuses_when_the_backup_record_is_gone,B_CAGE_FALSE_BLOCK,"blocked on period_open=None which pipeline.run hardcodes though period.py can read it, AND on a party with history that is not in the chart of accounts, AND on laws a typed sentence cannot satisfy",yes,typed_text,,Sharma Traders,420000,,,0,False,None,False,INDETERMINATE,INDETERMINATE,PASS,"There is something on this bill I could not check at all. Not checked is not the same as checked and fine, so nothing was posted. | I could not tell whether the books for this date are still open, so nothing was posted. | I have never seen Sharma Traders in your books. I will never add a new name to your books on my own, so this one is saved for you to finish. | I am less than 70 out of 100 sure about what this bill says. That is too little to even ask about, so this one is saved for you to finish. That is the ₹4,200.00 bill from Sharma Traders."
tests/test_reversal_recovery.py::test_the_web_undo_everything_confirmation_removes_nothing_without_a_backup,B_CAGE_FALSE_BLOCK,"blocked on period_open=None which pipeline.run hardcodes though period.py can read it, AND on a party with history that is not in the chart of accounts, AND on laws a typed sentence cannot satisfy",yes,typed_text,,Sharma Traders,420000,,,0,False,None,False,INDETERMINATE,INDETERMINATE,PASS,"There is something on this bill I could not check at all. Not checked is not the same as checked and fine, so nothing was posted. | I could not tell whether the books for this date are still open, so nothing was posted. | I have never seen Sharma Traders in your books. I will never add a new name to your books on my own, so this one is saved for you to finish. | I am less than 70 out of 100 sure about what this bill says. That is too little to even ask about, so this one is saved for you to finish. That is the ₹4,200.00 bill from Sharma Traders."
tests/test_reversal_recovery.py::test_the_activity_log_shows_the_refused_bulk_run_rather_than_swallowing_it,B_CAGE_FALSE_BLOCK,"blocked on period_open=None which pipeline.run hardcodes though period.py can read it, AND on a party with history that is not in the chart of accounts, AND on laws a typed sentence cannot satisfy",yes,typed_text,,Sharma Traders,420000,,,0,False,None,False,INDETERMINATE,INDETERMINATE,PASS,"There is something on this bill I could not check at all. Not checked is not the same as checked and fine, so nothing was posted. | I could not tell whether the books for this date are still open, so nothing was posted. | I have never seen Sharma Traders in your books. I will never add a new name to your books on my own, so this one is saved for you to finish. | I am less than 70 out of 100 sure about what this bill says. That is too little to even ask about, so this one is saved for you to finish. That is the ₹4,200.00 bill from Sharma Traders."
tests/test_stale_memory_conflict.py::test_one_vendor_disagrees_and_the_company_s_other_vendor_is_untouched,B_CAGE_FALSE_BLOCK,"blocked on period_open=None which pipeline.run hardcodes though period.py can read it, AND on a party with history that is not in the chart of accounts, AND on laws a typed sentence cannot satisfy",yes,typed_text,,Sharma Traders,420000,,,0,False,None,False,INDETERMINATE,INDETERMINATE,PASS,"There is something on this bill I could not check at all. Not checked is not the same as checked and fine, so nothing was posted. | I could not tell whether the books for this date are still open, so nothing was posted. | I have never seen Sharma Traders in your books. I will never add a new name to your books on my own, so this one is saved for you to finish. | I am less than 70 out of 100 sure about what this bill says. That is too little to even ask about, so this one is saved for you to finish. That is the ₹4,200.00 bill from Sharma Traders."
tests/test_stale_memory_conflict.py::test_memory_that_was_right_at_bootstrap_goes_stale_when_tally_is_typed_into,B_CAGE_FALSE_BLOCK,"blocked on period_open=None which pipeline.run hardcodes though period.py can read it, AND on a party with history that is not in the chart of accounts, AND on laws a typed sentence cannot satisfy",yes,typed_text,,Sharma Traders,420000,,,0,False,None,False,INDETERMINATE,INDETERMINATE,PASS,"There is something on this bill I could not check at all. Not checked is not the same as checked and fine, so nothing was posted. | I could not tell whether the books for this date are still open, so nothing was posted. | I have never seen Sharma Traders in your books. I will never add a new name to your books on my own, so this one is saved for you to finish. | I am less than 70 out of 100 sure about what this bill says. That is too little to even ask about, so this one is saved for you to finish. That is the ₹4,200.00 bill from Sharma Traders."
tests/test_stale_memory_conflict.py::test_the_person_s_answer_resolves_the_conflict_and_the_entry_is_decided_again,B_CAGE_FALSE_BLOCK,"blocked on period_open=None which pipeline.run hardcodes though period.py can read it, AND on a party with history that is not in the chart of accounts, AND on laws a typed sentence cannot satisfy",yes,typed_text,,Sharma Traders,420000,,,0,False,None,False,INDETERMINATE,INDETERMINATE,PASS,"There is something on this bill I could not check at all. Not checked is not the same as checked and fine, so nothing was posted. | I could not tell whether the books for this date are still open, so nothing was posted. | I have never seen Sharma Traders in your books. I will never add a new name to your books on my own, so this one is saved for you to finish. | I am less than 70 out of 100 sure about what this bill says. That is too little to even ask about, so this one is saved for you to finish. That is the ₹4,200.00 bill from Sharma Traders."
tests/test_stale_memory_conflict.py::test_a_vendor_with_one_consistent_account_never_disagrees_with_itself,B_CAGE_FALSE_BLOCK,"blocked on period_open=None which pipeline.run hardcodes though period.py can read it, AND on a party with history that is not in the chart of accounts, AND on laws a typed sentence cannot satisfy",yes,typed_text,,Sharma Traders,420000,,,0,False,None,False,INDETERMINATE,INDETERMINATE,PASS,"There is something on this bill I could not check at all. Not checked is not the same as checked and fine, so nothing was posted. | I could not tell whether the books for this date are still open, so nothing was posted. | I have never seen Sharma Traders in your books. I will never add a new name to your books on my own, so this one is saved for you to finish. | I am less than 70 out of 100 sure about what this bill says. That is too little to even ask about, so this one is saved for you to finish. That is the ₹4,200.00 bill from Sharma Traders."
tests/test_startup_path.py::test_running_the_readme_command_reaches_the_apps_own_entry_point,D_TEST_INVALID_OR_INCOMPLETE,the test failed without ever reaching the cage - it is not a cage question,no,,,,,,,,,None,,,,,
tests/test_user_journey.py::test_an_unknown_vendor_asks_twice_and_then_posts_the_exact_paise,B_CAGE_FALSE_BLOCK,"blocked on period_open=None which pipeline.run hardcodes though period.py can read it, AND on a party with history that is not in the chart of accounts, AND on laws a typed sentence cannot satisfy",yes,typed_text,,Gupta Hardware,150000,,,0,False,None,False,INDETERMINATE,INDETERMINATE,PASS,"There is something on this bill I could not check at all. Not checked is not the same as checked and fine, so nothing was posted. | I could not tell whether the books for this date are still open, so nothing was posted. | I have never seen Gupta Hardware in your books. I will never add a new name to your books on my own, so this one is saved for you to finish. | I am less than 70 out of 100 sure about what this bill says. That is too little to even ask about, so this one is saved for you to finish. That is the ₹1,500.00 bill from Gupta Hardware."
tests/test_user_journey.py::test_the_audit_row_for_that_posting_names_the_tenant_and_the_user,B_CAGE_FALSE_BLOCK,"blocked on period_open=None which pipeline.run hardcodes though period.py can read it, AND on a party with history that is not in the chart of accounts, AND on laws a typed sentence cannot satisfy",yes,typed_text,,Gupta Hardware,150000,,,0,False,None,False,INDETERMINATE,INDETERMINATE,PASS,"There is something on this bill I could not check at all. Not checked is not the same as checked and fine, so nothing was posted. | I could not tell whether the books for this date are still open, so nothing was posted. | I have never seen Gupta Hardware in your books. I will never add a new name to your books on my own, so this one is saved for you to finish. | I am less than 70 out of 100 sure about what this bill says. That is too little to even ask about, so this one is saved for you to finish. That is the ₹1,500.00 bill from Gupta Hardware."
tests/test_user_journey.py::test_a_colleague_in_the_same_tenant_sees_the_company_that_was_posted_to,B_CAGE_FALSE_BLOCK,"blocked on period_open=None which pipeline.run hardcodes though period.py can read it, AND on a party with history that is not in the chart of accounts, AND on laws a typed sentence cannot satisfy",yes,typed_text,,Gupta Hardware,150000,,,0,False,None,False,INDETERMINATE,INDETERMINATE,PASS,"There is something on this bill I could not check at all. Not checked is not the same as checked and fine, so nothing was posted. | I could not tell whether the books for this date are still open, so nothing was posted. | I have never seen Gupta Hardware in your books. I will never add a new name to your books on my own, so this one is saved for you to finish. | I am less than 70 out of 100 sure about what this bill says. That is too little to even ask about, so this one is saved for you to finish. That is the ₹1,500.00 bill from Gupta Hardware."
tests/test_user_journey.py::test_another_tenants_session_is_refused_before_it_can_touch_these_books,B_CAGE_FALSE_BLOCK,"blocked on period_open=None which pipeline.run hardcodes though period.py can read it, AND on a party with history that is not in the chart of accounts, AND on laws a typed sentence cannot satisfy",yes,typed_text,,Gupta Hardware,150000,,,0,False,None,False,INDETERMINATE,INDETERMINATE,PASS,"There is something on this bill I could not check at all. Not checked is not the same as checked and fine, so nothing was posted. | I could not tell whether the books for this date are still open, so nothing was posted. | I have never seen Gupta Hardware in your books. I will never add a new name to your books on my own, so this one is saved for you to finish. | I am less than 70 out of 100 sure about what this bill says. That is too little to even ask about, so this one is saved for you to finish. That is the ₹1,500.00 bill from Gupta Hardware."
tests/test_user_journey.py::test_replaying_the_answer_that_posted_writes_no_second_voucher,B_CAGE_FALSE_BLOCK,"blocked on period_open=None which pipeline.run hardcodes though period.py can read it, AND on a party with history that is not in the chart of accounts, AND on laws a typed sentence cannot satisfy",yes,typed_text,,Gupta Hardware,150000,,,0,False,None,False,INDETERMINATE,INDETERMINATE,PASS,"There is something on this bill I could not check at all. Not checked is not the same as checked and fine, so nothing was posted. | I could not tell whether the books for this date are still open, so nothing was posted. | I have never seen Gupta Hardware in your books. I will never add a new name to your books on my own, so this one is saved for you to finish. | I am less than 70 out of 100 sure about what this bill says. That is too little to even ask about, so this one is saved for you to finish. That is the ₹1,500.00 bill from Gupta Hardware."
tests/test_user_journey.py::test_undoing_the_posting_returns_the_trial_balance_to_the_paise,B_CAGE_FALSE_BLOCK,"blocked on period_open=None which pipeline.run hardcodes though period.py can read it, AND on a party with history that is not in the chart of accounts, AND on laws a typed sentence cannot satisfy",yes,typed_text,,Gupta Hardware,150000,,,0,False,None,False,INDETERMINATE,INDETERMINATE,PASS,"There is something on this bill I could not check at all. Not checked is not the same as checked and fine, so nothing was posted. | I could not tell whether the books for this date are still open, so nothing was posted. | I have never seen Gupta Hardware in your books. I will never add a new name to your books on my own, so this one is saved for you to finish. | I am less than 70 out of 100 sure about what this bill says. That is too little to even ask about, so this one is saved for you to finish. That is the ₹1,500.00 bill from Gupta Hardware."
tests/test_user_journey.py::test_a_reversed_operation_id_cannot_be_written_a_second_time,B_CAGE_FALSE_BLOCK,"blocked on period_open=None which pipeline.run hardcodes though period.py can read it, AND on a party with history that is not in the chart of accounts, AND on laws a typed sentence cannot satisfy",yes,typed_text,,Gupta Hardware,150000,,,0,False,None,False,INDETERMINATE,INDETERMINATE,PASS,"There is something on this bill I could not check at all. Not checked is not the same as checked and fine, so nothing was posted. | I could not tell whether the books for this date are still open, so nothing was posted. | I have never seen Gupta Hardware in your books. I will never add a new name to your books on my own, so this one is saved for you to finish. | I am less than 70 out of 100 sure about what this bill says. That is too little to even ask about, so this one is saved for you to finish. That is the ₹1,500.00 bill from Gupta Hardware."
tests/test_user_journey.py::test_a_colleague_cannot_confirm_the_undo_everything_they_were_never_shown,B_CAGE_FALSE_BLOCK,"blocked on period_open=None which pipeline.run hardcodes though period.py can read it, AND on a party with history that is not in the chart of accounts, AND on laws a typed sentence cannot satisfy",yes,typed_text,,Gupta Hardware,150000,,,0,False,None,False,INDETERMINATE,INDETERMINATE,PASS,"There is something on this bill I could not check at all. Not checked is not the same as checked and fine, so nothing was posted. | I could not tell whether the books for this date are still open, so nothing was posted. | I have never seen Gupta Hardware in your books. I will never add a new name to your books on my own, so this one is saved for you to finish. | I am less than 70 out of 100 sure about what this bill says. That is too little to even ask about, so this one is saved for you to finish. That is the ₹1,500.00 bill from Gupta Hardware."
tests/test_user_journey.py::test_the_audit_trail_survives_the_server_being_stopped_and_started_again,B_CAGE_FALSE_BLOCK,"blocked on period_open=None which pipeline.run hardcodes though period.py can read it, AND on a party with history that is not in the chart of accounts, AND on laws a typed sentence cannot satisfy",yes,typed_text,,Gupta Hardware,150000,,,0,False,None,False,INDETERMINATE,INDETERMINATE,PASS,"There is something on this bill I could not check at all. Not checked is not the same as checked and fine, so nothing was posted. | I could not tell whether the books for this date are still open, so nothing was posted. | I have never seen Gupta Hardware in your books. I will never add a new name to your books on my own, so this one is saved for you to finish. | I am less than 70 out of 100 sure about what this bill says. That is too little to even ask about, so this one is saved for you to finish. That is the ₹1,500.00 bill from Gupta Hardware."
tests/test_user_journey.py::test_local_development_needs_no_credential_and_still_names_an_actor,B_CAGE_FALSE_BLOCK,"blocked on period_open=None which pipeline.run hardcodes though period.py can read it, AND on a party with history that is not in the chart of accounts, AND on laws a typed sentence cannot satisfy",yes,typed_text,,Gupta Hardware,150000,,,0,False,None,False,INDETERMINATE,INDETERMINATE,PASS,"There is something on this bill I could not check at all. Not checked is not the same as checked and fine, so nothing was posted. | I could not tell whether the books for this date are still open, so nothing was posted. | I have never seen Gupta Hardware in your books. I will never add a new name to your books on my own, so this one is saved for you to finish. | I am less than 70 out of 100 sure about what this bill says. That is too little to even ask about, so this one is saved for you to finish. That is the ₹1,500.00 bill from Gupta Hardware."
tests/test_user_journey.py::test_the_whole_journey_runs_in_order_against_one_server,B_CAGE_FALSE_BLOCK,"blocked on period_open=None which pipeline.run hardcodes though period.py can read it, AND on a party with history that is not in the chart of accounts, AND on laws a typed sentence cannot satisfy",yes,typed_text,,Gupta Hardware,150000,,,0,False,None,False,INDETERMINATE,INDETERMINATE,PASS,"There is something on this bill I could not check at all. Not checked is not the same as checked and fine, so nothing was posted. | I could not tell whether the books for this date are still open, so nothing was posted. | I have never seen Gupta Hardware in your books. I will never add a new name to your books on my own, so this one is saved for you to finish. | I am less than 70 out of 100 sure about what this bill says. That is too little to even ask about, so this one is saved for you to finish. That is the ₹1,500.00 bill from Gupta Hardware."
tests/test_web.py::test_an_answer_is_stored_under_the_vendor_key_not_the_typed_spelling,B_CAGE_FALSE_BLOCK,"blocked on period_open=None which pipeline.run hardcodes though period.py can read it, AND on a party with history that is not in the chart of accounts, AND on laws a typed sentence cannot satisfy",yes,typed_text,,Gupta Hardware,150000,,,0,False,None,False,INDETERMINATE,INDETERMINATE,PASS,"There is something on this bill I could not check at all. Not checked is not the same as checked and fine, so nothing was posted. | I could not tell whether the books for this date are still open, so nothing was posted. | I have never seen Gupta Hardware in your books. I will never add a new name to your books on my own, so this one is saved for you to finish. | I am less than 70 out of 100 sure about what this bill says. That is too little to even ask about, so this one is saved for you to finish. That is the ₹1,500.00 bill from Gupta Hardware."
tests/test_web.py::test_a_known_vendor_posts_without_asking,B_CAGE_FALSE_BLOCK,"blocked on period_open=None which pipeline.run hardcodes though period.py can read it, AND on a party with history that is not in the chart of accounts, AND on laws a typed sentence cannot satisfy",yes,typed_text,,Sharma Traders,420000,,,0,False,None,False,INDETERMINATE,INDETERMINATE,PASS,"There is something on this bill I could not check at all. Not checked is not the same as checked and fine, so nothing was posted. | I could not tell whether the books for this date are still open, so nothing was posted. | I have never seen Sharma Traders in your books. I will never add a new name to your books on my own, so this one is saved for you to finish. | I am less than 70 out of 100 sure about what this bill says. That is too little to even ask about, so this one is saved for you to finish. That is the ₹4,200.00 bill from Sharma Traders."
tests/test_web.py::test_the_amount_reaches_tally_as_integer_paise,B_CAGE_FALSE_BLOCK,"blocked on period_open=None which pipeline.run hardcodes though period.py can read it, AND on a party with history that is not in the chart of accounts, AND on laws a typed sentence cannot satisfy",yes,typed_text,,Sharma Traders,420000,,,0,False,None,False,INDETERMINATE,INDETERMINATE,PASS,"There is something on this bill I could not check at all. Not checked is not the same as checked and fine, so nothing was posted. | I could not tell whether the books for this date are still open, so nothing was posted. | I have never seen Sharma Traders in your books. I will never add a new name to your books on my own, so this one is saved for you to finish. | I am less than 70 out of 100 sure about what this bill says. That is too little to even ask about, so this one is saved for you to finish. That is the ₹4,200.00 bill from Sharma Traders."
tests/test_web.py::test_answering_the_question_posts_the_entry,B_CAGE_FALSE_BLOCK,"blocked on period_open=None which pipeline.run hardcodes though period.py can read it, AND on a party with history that is not in the chart of accounts, AND on laws a typed sentence cannot satisfy",yes,typed_text,,Gupta Hardware,150000,,,0,False,None,False,INDETERMINATE,INDETERMINATE,PASS,"There is something on this bill I could not check at all. Not checked is not the same as checked and fine, so nothing was posted. | I could not tell whether the books for this date are still open, so nothing was posted. | I have never seen Gupta Hardware in your books. I will never add a new name to your books on my own, so this one is saved for you to finish. | I am less than 70 out of 100 sure about what this bill says. That is too little to even ask about, so this one is saved for you to finish. That is the ₹1,500.00 bill from Gupta Hardware."
tests/test_web.py::test_an_answer_is_remembered_so_the_same_vendor_is_not_asked_twice,B_CAGE_FALSE_BLOCK,"blocked on period_open=None which pipeline.run hardcodes though period.py can read it, AND on a party with history that is not in the chart of accounts, AND on laws a typed sentence cannot satisfy",yes,typed_text,,Gupta Hardware,150000,,,0,False,None,False,INDETERMINATE,INDETERMINATE,PASS,"There is something on this bill I could not check at all. Not checked is not the same as checked and fine, so nothing was posted. | I could not tell whether the books for this date are still open, so nothing was posted. | I have never seen Gupta Hardware in your books. I will never add a new name to your books on my own, so this one is saved for you to finish. | I am less than 70 out of 100 sure about what this bill says. That is too little to even ask about, so this one is saved for you to finish. That is the ₹1,500.00 bill from Gupta Hardware."
tests/test_web.py::test_a_posted_entry_reaches_the_page_with_its_outcome,B_CAGE_FALSE_BLOCK,"blocked on period_open=None which pipeline.run hardcodes though period.py can read it, AND on a party with history that is not in the chart of accounts, AND on laws a typed sentence cannot satisfy",yes,typed_text,,Sharma Traders,420000,,,0,False,None,False,INDETERMINATE,INDETERMINATE,PASS,"There is something on this bill I could not check at all. Not checked is not the same as checked and fine, so nothing was posted. | I could not tell whether the books for this date are still open, so nothing was posted. | I have never seen Sharma Traders in your books. I will never add a new name to your books on my own, so this one is saved for you to finish. | I am less than 70 out of 100 sure about what this bill says. That is too little to even ask about, so this one is saved for you to finish. That is the ₹4,200.00 bill from Sharma Traders."
tests/test_web.py::test_the_log_states_why_and_not_only_what,B_CAGE_FALSE_BLOCK,"blocked on period_open=None which pipeline.run hardcodes though period.py can read it, AND on a party with history that is not in the chart of accounts, AND on laws a typed sentence cannot satisfy",yes,typed_text,,Sharma Traders,420000,,,0,False,None,False,INDETERMINATE,INDETERMINATE,PASS,"There is something on this bill I could not check at all. Not checked is not the same as checked and fine, so nothing was posted. | I could not tell whether the books for this date are still open, so nothing was posted. | I have never seen Sharma Traders in your books. I will never add a new name to your books on my own, so this one is saved for you to finish. | I am less than 70 out of 100 sure about what this bill says. That is too little to even ask about, so this one is saved for you to finish. That is the ₹4,200.00 bill from Sharma Traders."
tests/test_web.py::test_what_we_wrote_is_listed_with_its_operation_id,B_CAGE_FALSE_BLOCK,"blocked on period_open=None which pipeline.run hardcodes though period.py can read it, AND on a party with history that is not in the chart of accounts, AND on laws a typed sentence cannot satisfy",yes,typed_text,,Sharma Traders,420000,,,0,False,None,False,INDETERMINATE,INDETERMINATE,PASS,"There is something on this bill I could not check at all. Not checked is not the same as checked and fine, so nothing was posted. | I could not tell whether the books for this date are still open, so nothing was posted. | I have never seen Sharma Traders in your books. I will never add a new name to your books on my own, so this one is saved for you to finish. | I am less than 70 out of 100 sure about what this bill says. That is too little to even ask about, so this one is saved for you to finish. That is the ₹4,200.00 bill from Sharma Traders."
tests/test_web.py::test_reversing_removes_exactly_that_voucher,B_CAGE_FALSE_BLOCK,"blocked on period_open=None which pipeline.run hardcodes though period.py can read it, AND on a party with history that is not in the chart of accounts, AND on laws a typed sentence cannot satisfy",yes,typed_text,,Sharma Traders,420000,,,0,False,None,False,INDETERMINATE,INDETERMINATE,PASS,"There is something on this bill I could not check at all. Not checked is not the same as checked and fine, so nothing was posted. | I could not tell whether the books for this date are still open, so nothing was posted. | I have never seen Sharma Traders in your books. I will never add a new name to your books on my own, so this one is saved for you to finish. | I am less than 70 out of 100 sure about what this bill says. That is too little to even ask about, so this one is saved for you to finish. That is the ₹4,200.00 bill from Sharma Traders."
